asset_path,asset_type,source_path,source_pdf_name,document_slug,page_no,notes
table-images/79215-_A_UNIQUE_EARLY_LUNAR_BRECCIA_1019__p0003__b001__table.png,image,olivine-table-images-cleaned/79215-_A_UNIQUE_EARLY_LUNAR_BRECCIA_1019__p0003__b001__table.png,"79215- A UNIQUE, EARLY LUNAR BRECCIA_1019.pdf",79215-_A_UNIQUE_EARLY_LUNAR_BRECCIA_1019,3,Copied from olivine-table-images-cleaned for standalone olivine-review bundle.
table-images/APOLLO_12_FELDSPATHIC_BASALTS_12031_12038_AND_12072_-_PETROLOGY_COMPARISON_AND_INTERPRETATIONS_1979LPSC___10__115B__p0006__b001__table.png,image,olivine-table-images-cleaned/APOLLO_12_FELDSPATHIC_BASALTS_12031_12038_AND_12072_-_PETROLOGY_COMPARISON_AND_INTERPRETATIONS_1979LPSC___10__115B__p0006__b001__table.png,"APOLLO 12 FELDSPATHIC BASALTS 12031, 12038 AND 12072 - PETROLOGY, COMPARISON AND INTERPRETATIONS_1979LPSC___10__115B.pdf",APOLLO_12_FELDSPATHIC_BASALTS_12031_12038_AND_12072_-_PETROLOGY_COMPARISON_AND_INTERPRETATIONS_1979LPSC___10__115B,6,Copied from olivine-table-images-cleaned for standalone olivine-review bundle.
table-images/APOLLO_12_FELDSPATHIC_BASALTS_12031_12038_AND_12072_-_PETROLOGY_COMPARISON_AND_INTERPRETATIONS_1979LPSC___10__115B__p0007__b001__table.png,image,olivine-table-images-cleaned/APOLLO_12_FELDSPATHIC_BASALTS_12031_12038_AND_12072_-_PETROLOGY_COMPARISON_AND_INTERPRETATIONS_1979LPSC___10__115B__p0007__b001__table.png,"APOLLO 12 FELDSPATHIC BASALTS 12031, 12038 AND 12072 - PETROLOGY, COMPARISON AND INTERPRETATIONS_1979LPSC___10__115B.pdf",APOLLO_12_FELDSPATHIC_BASALTS_12031_12038_AND_12072_-_PETROLOGY_COMPARISON_AND_INTERPRETATIONS_1979LPSC___10__115B,7,Copied from olivine-table-images-cleaned for standalone olivine-review bundle.
table-images/APOLLO_12_FELDSPATHIC_BASALTS_12031_12038_AND_12072_-_PETROLOGY_COMPARISON_AND_INTERPRETATIONS_1979LPSC___10__115B__p0016__b001__table.png,image,olivine-table-images-cleaned/APOLLO_12_FELDSPATHIC_BASALTS_12031_12038_AND_12072_-_PETROLOGY_COMPARISON_AND_INTERPRETATIONS_1979LPSC___10__115B__p0016__b001__table.png,"APOLLO 12 FELDSPATHIC BASALTS 12031, 12038 AND 12072 - PETROLOGY, COMPARISON AND INTERPRETATIONS_1979LPSC___10__115B.pdf",APOLLO_12_FELDSPATHIC_BASALTS_12031_12038_AND_12072_-_PETROLOGY_COMPARISON_AND_INTERPRETATIONS_1979LPSC___10__115B,16,Copied from olivine-table-images-cleaned for standalone olivine-review bundle.
table-images/APOLLO_12_IGNEOUS_ROCKS_12004_12008_12009_AND_12022-_A_MINERALOGICAL_AND_PETROLOGICAL_STUDY_1971LPSC____2__301B__p0005__b001__table.png,image,olivine-table-images-cleaned/APOLLO_12_IGNEOUS_ROCKS_12004_12008_12009_AND_12022-_A_MINERALOGICAL_AND_PETROLOGICAL_STUDY_1971LPSC____2__301B__p0005__b001__table.png,"APOLLO 12 IGNEOUS ROCKS 12004, 12008, 12009, AND 12022- A MINERALOGICAL AND PETROLOGICAL STUDY_1971LPSC____2__301B.pdf",APOLLO_12_IGNEOUS_ROCKS_12004_12008_12009_AND_12022-_A_MINERALOGICAL_AND_PETROLOGICAL_STUDY_1971LPSC____2__301B,5,Copied from olivine-table-images-cleaned for standalone olivine-review bundle.
table-images/APOLLO_12_IGNEOUS_ROCKS_12004_12008_12009_AND_12022-_A_MINERALOGICAL_AND_PETROLOGICAL_STUDY_1971LPSC____2__301B__p0005__b002__table.png,image,olivine-table-images-cleaned/APOLLO_12_IGNEOUS_ROCKS_12004_12008_12009_AND_12022-_A_MINERALOGICAL_AND_PETROLOGICAL_STUDY_1971LPSC____2__301B__p0005__b002__table.png,"APOLLO 12 IGNEOUS ROCKS 12004, 12008, 12009, AND 12022- A MINERALOGICAL AND PETROLOGICAL STUDY_1971LPSC____2__301B.pdf",APOLLO_12_IGNEOUS_ROCKS_12004_12008_12009_AND_12022-_A_MINERALOGICAL_AND_PETROLOGICAL_STUDY_1971LPSC____2__301B,5,Copied from olivine-table-images-cleaned for standalone olivine-review bundle.
table-images/APOLLO_12_IGNEOUS_ROCKS_12004_12008_12009_AND_12022-_A_MINERALOGICAL_AND_PETROLOGICAL_STUDY_1971LPSC____2__301B__p0012__b001__table.png,image,olivine-table-images-cleaned/APOLLO_12_IGNEOUS_ROCKS_12004_12008_12009_AND_12022-_A_MINERALOGICAL_AND_PETROLOGICAL_STUDY_1971LPSC____2__301B__p0012__b001__table.png,"APOLLO 12 IGNEOUS ROCKS 12004, 12008, 12009, AND 12022- A MINERALOGICAL AND PETROLOGICAL STUDY_1971LPSC____2__301B.pdf",APOLLO_12_IGNEOUS_ROCKS_12004_12008_12009_AND_12022-_A_MINERALOGICAL_AND_PETROLOGICAL_STUDY_1971LPSC____2__301B,12,Copied from olivine-table-images-cleaned for standalone olivine-review bundle.
table-images/APOLLO_17_KREEPY_BASALT-_A_ROCK_TYPE_INTERMEDIATE_BETWEEN_MARE_AND_KREEP_BASALTS_1-s2.0-0012821X77900218-main__p0008__b001__table.png,image,olivine-table-images-cleaned/APOLLO_17_KREEPY_BASALT-_A_ROCK_TYPE_INTERMEDIATE_BETWEEN_MARE_AND_KREEP_BASALTS_1-s2.0-0012821X77900218-main__p0008__b001__table.png,APOLLO 17 KREEPY BASALT- A ROCK TYPE INTERMEDIATE BETWEEN MARE AND KREEP BASALTS_1-s2.0-0012821X77900218-main.pdf,APOLLO_17_KREEPY_BASALT-_A_ROCK_TYPE_INTERMEDIATE_BETWEEN_MARE_AND_KREEP_BASALTS_1-s2.0-0012821X77900218-main,8,Copied from olivine-table-images-cleaned for standalone olivine-review bundle.
table-images/A_LUNAR_ROCK_OF_DEEP_CRUSTAL_ORIGIN-_SAMPLE_76535_1-s2.0-001670377490091X-main__p0006__b001__table.png,image,olivine-table-images-cleaned/A_LUNAR_ROCK_OF_DEEP_CRUSTAL_ORIGIN-_SAMPLE_76535_1-s2.0-001670377490091X-main__p0006__b001__table.png,A LUNAR ROCK OF DEEP CRUSTAL ORIGIN- SAMPLE 76535_1-s2.0-001670377490091X-main.pdf,A_LUNAR_ROCK_OF_DEEP_CRUSTAL_ORIGIN-_SAMPLE_76535_1-s2.0-001670377490091X-main,6,Copied from olivine-table-images-cleaned for standalone olivine-review bundle.
table-images/CHEMICAL_DIFFERENCES_BETWEEN_SMALL_SUBSAMPLES_OF_APOLLO_15_OLIVINE-NORMATIVE_BASALTS_1990LPSC___20__109S__p0002__b001__table.png,image,olivine-table-images-cleaned/CHEMICAL_DIFFERENCES_BETWEEN_SMALL_SUBSAMPLES_OF_APOLLO_15_OLIVINE-NORMATIVE_BASALTS_1990LPSC___20__109S__p0002__b001__table.png,CHEMICAL DIFFERENCES BETWEEN SMALL SUBSAMPLES OF APOLLO 15 OLIVINE-NORMATIVE BASALTS_1990LPSC___20__109S.pdf,CHEMICAL_DIFFERENCES_BETWEEN_SMALL_SUBSAMPLES_OF_APOLLO_15_OLIVINE-NORMATIVE_BASALTS_1990LPSC___20__109S,2,Copied from olivine-table-images-cleaned for standalone olivine-review bundle.
table-images/CHEMICAL_DIFFERENCES_BETWEEN_SMALL_SUBSAMPLES_OF_APOLLO_15_OLIVINE-NORMATIVE_BASALTS_1990LPSC___20__109S__p0003__b001__table.png,image,olivine-table-images-cleaned/CHEMICAL_DIFFERENCES_BETWEEN_SMALL_SUBSAMPLES_OF_APOLLO_15_OLIVINE-NORMATIVE_BASALTS_1990LPSC___20__109S__p0003__b001__table.png,CHEMICAL DIFFERENCES BETWEEN SMALL SUBSAMPLES OF APOLLO 15 OLIVINE-NORMATIVE BASALTS_1990LPSC___20__109S.pdf,CHEMICAL_DIFFERENCES_BETWEEN_SMALL_SUBSAMPLES_OF_APOLLO_15_OLIVINE-NORMATIVE_BASALTS_1990LPSC___20__109S,3,Copied from olivine-table-images-cleaned for standalone olivine-review bundle.
table-images/CHEMICAL_DIFFERENCES_BETWEEN_SMALL_SUBSAMPLES_OF_APOLLO_15_OLIVINE-NORMATIVE_BASALTS_1990LPSC___20__109S__p0015__b001__table.png,image,olivine-table-images-cleaned/CHEMICAL_DIFFERENCES_BETWEEN_SMALL_SUBSAMPLES_OF_APOLLO_15_OLIVINE-NORMATIVE_BASALTS_1990LPSC___20__109S__p0015__b001__table.png,CHEMICAL DIFFERENCES BETWEEN SMALL SUBSAMPLES OF APOLLO 15 OLIVINE-NORMATIVE BASALTS_1990LPSC___20__109S.pdf,CHEMICAL_DIFFERENCES_BETWEEN_SMALL_SUBSAMPLES_OF_APOLLO_15_OLIVINE-NORMATIVE_BASALTS_1990LPSC___20__109S,15,Copied from olivine-table-images-cleaned for standalone olivine-review bundle.
table-images/CHEMICAL_DIFFERENCES_BETWEEN_SMALL_SUBSAMPLES_OF_APOLLO_15_OLIVINE-NORMATIVE_BASALTS_1990LPSC___20__109S__p0016__b001__table.png,image,olivine-table-images-cleaned/CHEMICAL_DIFFERENCES_BETWEEN_SMALL_SUBSAMPLES_OF_APOLLO_15_OLIVINE-NORMATIVE_BASALTS_1990LPSC___20__109S__p0016__b001__table.png,CHEMICAL DIFFERENCES BETWEEN SMALL SUBSAMPLES OF APOLLO 15 OLIVINE-NORMATIVE BASALTS_1990LPSC___20__109S.pdf,CHEMICAL_DIFFERENCES_BETWEEN_SMALL_SUBSAMPLES_OF_APOLLO_15_OLIVINE-NORMATIVE_BASALTS_1990LPSC___20__109S,16,Copied from olivine-table-images-cleaned for standalone olivine-review bundle.
table-images/CHEMISTRY_AND_PETROLOGY_OF_THE_APENNINE_FRONT_APOLLO_15_PART_I_-_KREEP_BASALTS_AND_PLUTONIC_ROCKS_1988LPSC___18__187S__p0007__b001__table.png,image,olivine-table-images-cleaned/CHEMISTRY_AND_PETROLOGY_OF_THE_APENNINE_FRONT_APOLLO_15_PART_I_-_KREEP_BASALTS_AND_PLUTONIC_ROCKS_1988LPSC___18__187S__p0007__b001__table.png,"CHEMISTRY AND PETROLOGY OF THE APENNINE FRONT, APOLLO 15, PART I - KREEP BASALTS AND PLUTONIC ROCKS_1988LPSC___18__187S.pdf",CHEMISTRY_AND_PETROLOGY_OF_THE_APENNINE_FRONT_APOLLO_15_PART_I_-_KREEP_BASALTS_AND_PLUTONIC_ROCKS_1988LPSC___18__187S,7,Copied from olivine-table-images-cleaned for standalone olivine-review bundle.
table-images/CHEMISTRY_AND_PETROLOGY_OF_THE_APENNINE_FRONT_APOLLO_15_PART_I_-_KREEP_BASALTS_AND_PLUTONIC_ROCKS_1988LPSC___18__187S__p0007__b002__table.png,image,olivine-table-images-cleaned/CHEMISTRY_AND_PETROLOGY_OF_THE_APENNINE_FRONT_APOLLO_15_PART_I_-_KREEP_BASALTS_AND_PLUTONIC_ROCKS_1988LPSC___18__187S__p0007__b002__table.png,"CHEMISTRY AND PETROLOGY OF THE APENNINE FRONT, APOLLO 15, PART I - KREEP BASALTS AND PLUTONIC ROCKS_1988LPSC___18__187S.pdf",CHEMISTRY_AND_PETROLOGY_OF_THE_APENNINE_FRONT_APOLLO_15_PART_I_-_KREEP_BASALTS_AND_PLUTONIC_ROCKS_1988LPSC___18__187S,7,Copied from olivine-table-images-cleaned for standalone olivine-review bundle.
table-images/CLAST_ASSEMBLAGES_OF_POSSIBLE_DEEP-SEATED_77517_AND_IMMISCIBLE-MELT_77538_ORIGINS_IN_APOLLO_17_BRECCIAS.__1978LPSC____9___p0006__b001__table.png,image,olivine-table-images-cleaned/CLAST_ASSEMBLAGES_OF_POSSIBLE_DEEP-SEATED_77517_AND_IMMISCIBLE-MELT_77538_ORIGINS_IN_APOLLO_17_BRECCIAS.__1978LPSC____9___p0006__b001__table.png,CLAST ASSEMBLAGES OF POSSIBLE DEEP-SEATED (77517) AND IMMISCIBLE-MELT (77538) ORIGINS IN APOLLO 17 BRECCIAS. _1978LPSC____9__941W.pdf,CLAST_ASSEMBLAGES_OF_POSSIBLE_DEEP-SEATED_77517_AND_IMMISCIBLE-MELT_77538_ORIGINS_IN_APOLLO_17_BRECCIAS.__1978LPSC____9_,6,Copied from olivine-table-images-cleaned for standalone olivine-review bundle.
table-images/CLAST_ASSEMBLAGES_OF_POSSIBLE_DEEP-SEATED_77517_AND_IMMISCIBLE-MELT_77538_ORIGINS_IN_APOLLO_17_BRECCIAS.__1978LPSC____9___p0008__b001__table.png,image,olivine-table-images-cleaned/CLAST_ASSEMBLAGES_OF_POSSIBLE_DEEP-SEATED_77517_AND_IMMISCIBLE-MELT_77538_ORIGINS_IN_APOLLO_17_BRECCIAS.__1978LPSC____9___p0008__b001__table.png,CLAST ASSEMBLAGES OF POSSIBLE DEEP-SEATED (77517) AND IMMISCIBLE-MELT (77538) ORIGINS IN APOLLO 17 BRECCIAS. _1978LPSC____9__941W.pdf,CLAST_ASSEMBLAGES_OF_POSSIBLE_DEEP-SEATED_77517_AND_IMMISCIBLE-MELT_77538_ORIGINS_IN_APOLLO_17_BRECCIAS.__1978LPSC____9_,8,Copied from olivine-table-images-cleaned for standalone olivine-review bundle.
table-images/CLAST_ASSEMBLAGES_OF_POSSIBLE_DEEP-SEATED_77517_AND_IMMISCIBLE-MELT_77538_ORIGINS_IN_APOLLO_17_BRECCIAS.__1978LPSC____9___p0011__b001__table.png,image,olivine-table-images-cleaned/CLAST_ASSEMBLAGES_OF_POSSIBLE_DEEP-SEATED_77517_AND_IMMISCIBLE-MELT_77538_ORIGINS_IN_APOLLO_17_BRECCIAS.__1978LPSC____9___p0011__b001__table.png,CLAST ASSEMBLAGES OF POSSIBLE DEEP-SEATED (77517) AND IMMISCIBLE-MELT (77538) ORIGINS IN APOLLO 17 BRECCIAS. _1978LPSC____9__941W.pdf,CLAST_ASSEMBLAGES_OF_POSSIBLE_DEEP-SEATED_77517_AND_IMMISCIBLE-MELT_77538_ORIGINS_IN_APOLLO_17_BRECCIAS.__1978LPSC____9_,11,Copied from olivine-table-images-cleaned for standalone olivine-review bundle.
table-images/COARSE-GRAINED_BASALT_71597_-_A_PRODUCT_OF_PARTIAL_OLIVINE_ACCUMULATION_1977LPSC____8_1429W__p0005__b001__table.png,image,olivine-table-images-cleaned/COARSE-GRAINED_BASALT_71597_-_A_PRODUCT_OF_PARTIAL_OLIVINE_ACCUMULATION_1977LPSC____8_1429W__p0005__b001__table.png,COARSE-GRAINED BASALT 71597 - A PRODUCT OF PARTIAL OLIVINE ACCUMULATION_1977LPSC____8_1429W.pdf,COARSE-GRAINED_BASALT_71597_-_A_PRODUCT_OF_PARTIAL_OLIVINE_ACCUMULATION_1977LPSC____8_1429W,5,Copied from olivine-table-images-cleaned for standalone olivine-review bundle.
table-images/COMPARATIVE_MINERALOGY_AND_PETROLOGY_OF_APOLLO_17_MARE_BASALTS-_SAMPLES_70215_71055_74255_AND_75055_1975LPSC____6___49D__p0004__b001__table.png,image,olivine-table-images-cleaned/COMPARATIVE_MINERALOGY_AND_PETROLOGY_OF_APOLLO_17_MARE_BASALTS-_SAMPLES_70215_71055_74255_AND_75055_1975LPSC____6___49D__p0004__b001__table.png,"COMPARATIVE MINERALOGY AND PETROLOGY OF APOLLO 17 MARE BASALTS- SAMPLES 70215, 71055, 74255, AND 75055_1975LPSC____6___49D.pdf",COMPARATIVE_MINERALOGY_AND_PETROLOGY_OF_APOLLO_17_MARE_BASALTS-_SAMPLES_70215_71055_74255_AND_75055_1975LPSC____6___49D,4,Copied from olivine-table-images-cleaned for standalone olivine-review bundle.
table-images/COMPARATIVE_MINERALOGY_AND_PETROLOGY_OF_APOLLO_17_MARE_BASALTS-_SAMPLES_70215_71055_74255_AND_75055_1975LPSC____6___49D__p0011__b001__table.png,image,olivine-table-images-cleaned/COMPARATIVE_MINERALOGY_AND_PETROLOGY_OF_APOLLO_17_MARE_BASALTS-_SAMPLES_70215_71055_74255_AND_75055_1975LPSC____6___49D__p0011__b001__table.png,"COMPARATIVE MINERALOGY AND PETROLOGY OF APOLLO 17 MARE BASALTS- SAMPLES 70215, 71055, 74255, AND 75055_1975LPSC____6___49D.pdf",COMPARATIVE_MINERALOGY_AND_PETROLOGY_OF_APOLLO_17_MARE_BASALTS-_SAMPLES_70215_71055_74255_AND_75055_1975LPSC____6___49D,11,Copied from olivine-table-images-cleaned for standalone olivine-review bundle.
table-images/COMPARATIVE_MINERALOGY_AND_PETROLOGY_OF_APOLLO_17_MARE_BASALTS-_SAMPLES_70215_71055_74255_AND_75055_1975LPSC____6___49D__p0016__b001__table.png,image,olivine-table-images-cleaned/COMPARATIVE_MINERALOGY_AND_PETROLOGY_OF_APOLLO_17_MARE_BASALTS-_SAMPLES_70215_71055_74255_AND_75055_1975LPSC____6___49D__p0016__b001__table.png,"COMPARATIVE MINERALOGY AND PETROLOGY OF APOLLO 17 MARE BASALTS- SAMPLES 70215, 71055, 74255, AND 75055_1975LPSC____6___49D.pdf",COMPARATIVE_MINERALOGY_AND_PETROLOGY_OF_APOLLO_17_MARE_BASALTS-_SAMPLES_70215_71055_74255_AND_75055_1975LPSC____6___49D,16,Copied from olivine-table-images-cleaned for standalone olivine-review bundle.
table-images/COMPARATIVE_PETROLOGY_AND_POSSIBLE_GENETIC_RELATIONS_AMONG_THE_APOLLO_11_BASALTS_1978LPSC____9__359B__p0005__b001__table.png,image,olivine-table-images-cleaned/COMPARATIVE_PETROLOGY_AND_POSSIBLE_GENETIC_RELATIONS_AMONG_THE_APOLLO_11_BASALTS_1978LPSC____9__359B__p0005__b001__table.png,COMPARATIVE PETROLOGY AND POSSIBLE GENETIC RELATIONS AMONG THE APOLLO 11 BASALTS_1978LPSC____9__359B.pdf,COMPARATIVE_PETROLOGY_AND_POSSIBLE_GENETIC_RELATIONS_AMONG_THE_APOLLO_11_BASALTS_1978LPSC____9__359B,5,Copied from olivine-table-images-cleaned for standalone olivine-review bundle.
table-images/COMPARATIVE_PETROLOGY_AND_POSSIBLE_GENETIC_RELATIONS_AMONG_THE_APOLLO_11_BASALTS_1978LPSC____9__359B__p0031__b001__table.png,image,olivine-table-images-cleaned/COMPARATIVE_PETROLOGY_AND_POSSIBLE_GENETIC_RELATIONS_AMONG_THE_APOLLO_11_BASALTS_1978LPSC____9__359B__p0031__b001__table.png,COMPARATIVE PETROLOGY AND POSSIBLE GENETIC RELATIONS AMONG THE APOLLO 11 BASALTS_1978LPSC____9__359B.pdf,COMPARATIVE_PETROLOGY_AND_POSSIBLE_GENETIC_RELATIONS_AMONG_THE_APOLLO_11_BASALTS_1978LPSC____9__359B,31,Copied from olivine-table-images-cleaned for standalone olivine-review bundle.
table-images/COMPARATIVE_PETROLOGY_AND_POSSIBLE_GENETIC_RELATIONS_AMONG_THE_APOLLO_11_BASALTS_1978LPSC____9__359B__p0041__b001__table.png,image,olivine-table-images-cleaned/COMPARATIVE_PETROLOGY_AND_POSSIBLE_GENETIC_RELATIONS_AMONG_THE_APOLLO_11_BASALTS_1978LPSC____9__359B__p0041__b001__table.png,COMPARATIVE PETROLOGY AND POSSIBLE GENETIC RELATIONS AMONG THE APOLLO 11 BASALTS_1978LPSC____9__359B.pdf,COMPARATIVE_PETROLOGY_AND_POSSIBLE_GENETIC_RELATIONS_AMONG_THE_APOLLO_11_BASALTS_1978LPSC____9__359B,41,Copied from olivine-table-images-cleaned for standalone olivine-review bundle.
table-images/COMPARATIVE_PETROLOGY_AND_POSSIBLE_GENETIC_RELATIONS_AMONG_THE_APOLLO_11_BASALTS_1978LPSC____9__359B__p0080__b001__table.png,image,olivine-table-images-cleaned/COMPARATIVE_PETROLOGY_AND_POSSIBLE_GENETIC_RELATIONS_AMONG_THE_APOLLO_11_BASALTS_1978LPSC____9__359B__p0080__b001__table.png,COMPARATIVE PETROLOGY AND POSSIBLE GENETIC RELATIONS AMONG THE APOLLO 11 BASALTS_1978LPSC____9__359B.pdf,COMPARATIVE_PETROLOGY_AND_POSSIBLE_GENETIC_RELATIONS_AMONG_THE_APOLLO_11_BASALTS_1978LPSC____9__359B,80,Copied from olivine-table-images-cleaned for standalone olivine-review bundle.
table-images/COMPARATIVE_PETROLOGY_AND_POSSIBLE_GENETIC_RELATIONS_AMONG_THE_APOLLO_11_BASALTS_1978LPSC____9__359B__p0083__b001__table.png,image,olivine-table-images-cleaned/COMPARATIVE_PETROLOGY_AND_POSSIBLE_GENETIC_RELATIONS_AMONG_THE_APOLLO_11_BASALTS_1978LPSC____9__359B__p0083__b001__table.png,COMPARATIVE PETROLOGY AND POSSIBLE GENETIC RELATIONS AMONG THE APOLLO 11 BASALTS_1978LPSC____9__359B.pdf,COMPARATIVE_PETROLOGY_AND_POSSIBLE_GENETIC_RELATIONS_AMONG_THE_APOLLO_11_BASALTS_1978LPSC____9__359B,83,Copied from olivine-table-images-cleaned for standalone olivine-review bundle.
table-images/COMPARATIVE_PETROLOGY_AND_POSSIBLE_GENETIC_RELATIONS_AMONG_THE_APOLLO_11_BASALTS_1978LPSC____9__359B__p0084__b001__table.png,image,olivine-table-images-cleaned/COMPARATIVE_PETROLOGY_AND_POSSIBLE_GENETIC_RELATIONS_AMONG_THE_APOLLO_11_BASALTS_1978LPSC____9__359B__p0084__b001__table.png,COMPARATIVE PETROLOGY AND POSSIBLE GENETIC RELATIONS AMONG THE APOLLO 11 BASALTS_1978LPSC____9__359B.pdf,COMPARATIVE_PETROLOGY_AND_POSSIBLE_GENETIC_RELATIONS_AMONG_THE_APOLLO_11_BASALTS_1978LPSC____9__359B,84,Copied from olivine-table-images-cleaned for standalone olivine-review bundle.
table-images/COMPARATIVE_PETROLOGY_AND_POSSIBLE_GENETIC_RELATIONS_AMONG_THE_APOLLO_11_BASALTS_1978LPSC____9__359B__p0085__b001__table.png,image,olivine-table-images-cleaned/COMPARATIVE_PETROLOGY_AND_POSSIBLE_GENETIC_RELATIONS_AMONG_THE_APOLLO_11_BASALTS_1978LPSC____9__359B__p0085__b001__table.png,COMPARATIVE PETROLOGY AND POSSIBLE GENETIC RELATIONS AMONG THE APOLLO 11 BASALTS_1978LPSC____9__359B.pdf,COMPARATIVE_PETROLOGY_AND_POSSIBLE_GENETIC_RELATIONS_AMONG_THE_APOLLO_11_BASALTS_1978LPSC____9__359B,85,Copied from olivine-table-images-cleaned for standalone olivine-review bundle.
table-images/COMPARATIVE_PETROLOGY_AND_POSSIBLE_GENETIC_RELATIONS_AMONG_THE_APOLLO_11_BASALTS_1978LPSC____9__359B__p0086__b001__table.png,image,olivine-table-images-cleaned/COMPARATIVE_PETROLOGY_AND_POSSIBLE_GENETIC_RELATIONS_AMONG_THE_APOLLO_11_BASALTS_1978LPSC____9__359B__p0086__b001__table.png,COMPARATIVE PETROLOGY AND POSSIBLE GENETIC RELATIONS AMONG THE APOLLO 11 BASALTS_1978LPSC____9__359B.pdf,COMPARATIVE_PETROLOGY_AND_POSSIBLE_GENETIC_RELATIONS_AMONG_THE_APOLLO_11_BASALTS_1978LPSC____9__359B,86,Copied from olivine-table-images-cleaned for standalone olivine-review bundle.
table-images/COMPARATIVE_PETROLOGY_AND_POSSIBLE_GENETIC_RELATIONS_AMONG_THE_APOLLO_11_BASALTS_1978LPSC____9__359B__p0088__b001__table.png,image,olivine-table-images-cleaned/COMPARATIVE_PETROLOGY_AND_POSSIBLE_GENETIC_RELATIONS_AMONG_THE_APOLLO_11_BASALTS_1978LPSC____9__359B__p0088__b001__table.png,COMPARATIVE PETROLOGY AND POSSIBLE GENETIC RELATIONS AMONG THE APOLLO 11 BASALTS_1978LPSC____9__359B.pdf,COMPARATIVE_PETROLOGY_AND_POSSIBLE_GENETIC_RELATIONS_AMONG_THE_APOLLO_11_BASALTS_1978LPSC____9__359B,88,Copied from olivine-table-images-cleaned for standalone olivine-review bundle.
table-images/COMPARATIVE_PETROLOGY_AND_POSSIBLE_GENETIC_RELATIONS_AMONG_THE_APOLLO_11_BASALTS_1978LPSC____9__359B__p0089__b001__table.png,image,olivine-table-images-cleaned/COMPARATIVE_PETROLOGY_AND_POSSIBLE_GENETIC_RELATIONS_AMONG_THE_APOLLO_11_BASALTS_1978LPSC____9__359B__p0089__b001__table.png,COMPARATIVE PETROLOGY AND POSSIBLE GENETIC RELATIONS AMONG THE APOLLO 11 BASALTS_1978LPSC____9__359B.pdf,COMPARATIVE_PETROLOGY_AND_POSSIBLE_GENETIC_RELATIONS_AMONG_THE_APOLLO_11_BASALTS_1978LPSC____9__359B,89,Copied from olivine-table-images-cleaned for standalone olivine-review bundle.
table-images/COMPARATIVE_PETROLOGY_AND_POSSIBLE_GENETIC_RELATIONS_AMONG_THE_APOLLO_11_BASALTS_1978LPSC____9__359B__p0090__b001__table.png,image,olivine-table-images-cleaned/COMPARATIVE_PETROLOGY_AND_POSSIBLE_GENETIC_RELATIONS_AMONG_THE_APOLLO_11_BASALTS_1978LPSC____9__359B__p0090__b001__table.png,COMPARATIVE PETROLOGY AND POSSIBLE GENETIC RELATIONS AMONG THE APOLLO 11 BASALTS_1978LPSC____9__359B.pdf,COMPARATIVE_PETROLOGY_AND_POSSIBLE_GENETIC_RELATIONS_AMONG_THE_APOLLO_11_BASALTS_1978LPSC____9__359B,90,Copied from olivine-table-images-cleaned for standalone olivine-review bundle.
table-images/COMPARATIVE_PETROLOGY_AND_POSSIBLE_GENETIC_RELATIONS_AMONG_THE_APOLLO_11_BASALTS_1978LPSC____9__359B__p0092__b001__table.png,image,olivine-table-images-cleaned/COMPARATIVE_PETROLOGY_AND_POSSIBLE_GENETIC_RELATIONS_AMONG_THE_APOLLO_11_BASALTS_1978LPSC____9__359B__p0092__b001__table.png,COMPARATIVE PETROLOGY AND POSSIBLE GENETIC RELATIONS AMONG THE APOLLO 11 BASALTS_1978LPSC____9__359B.pdf,COMPARATIVE_PETROLOGY_AND_POSSIBLE_GENETIC_RELATIONS_AMONG_THE_APOLLO_11_BASALTS_1978LPSC____9__359B,92,Copied from olivine-table-images-cleaned for standalone olivine-review bundle.
table-images/COMPARATIVE_PETROLOGY_AND_POSSIBLE_GENETIC_RELATIONS_AMONG_THE_APOLLO_11_BASALTS_1978LPSC____9__359B__p0095__b001__table.png,image,olivine-table-images-cleaned/COMPARATIVE_PETROLOGY_AND_POSSIBLE_GENETIC_RELATIONS_AMONG_THE_APOLLO_11_BASALTS_1978LPSC____9__359B__p0095__b001__table.png,COMPARATIVE PETROLOGY AND POSSIBLE GENETIC RELATIONS AMONG THE APOLLO 11 BASALTS_1978LPSC____9__359B.pdf,COMPARATIVE_PETROLOGY_AND_POSSIBLE_GENETIC_RELATIONS_AMONG_THE_APOLLO_11_BASALTS_1978LPSC____9__359B,95,Copied from olivine-table-images-cleaned for standalone olivine-review bundle.
table-images/COMPARATIVE_PETROLOGY_AND_POSSIBLE_GENETIC_RELATIONS_AMONG_THE_APOLLO_11_BASALTS_1978LPSC____9__359B__p0096__b001__table.png,image,olivine-table-images-cleaned/COMPARATIVE_PETROLOGY_AND_POSSIBLE_GENETIC_RELATIONS_AMONG_THE_APOLLO_11_BASALTS_1978LPSC____9__359B__p0096__b001__table.png,COMPARATIVE PETROLOGY AND POSSIBLE GENETIC RELATIONS AMONG THE APOLLO 11 BASALTS_1978LPSC____9__359B.pdf,COMPARATIVE_PETROLOGY_AND_POSSIBLE_GENETIC_RELATIONS_AMONG_THE_APOLLO_11_BASALTS_1978LPSC____9__359B,96,Copied from olivine-table-images-cleaned for standalone olivine-review bundle.
table-images/COMPARATIVE_PETROLOGY_AND_POSSIBLE_GENETIC_RELATIONS_AMONG_THE_APOLLO_11_BASALTS_1978LPSC____9__359B__p0097__b001__table.png,image,olivine-table-images-cleaned/COMPARATIVE_PETROLOGY_AND_POSSIBLE_GENETIC_RELATIONS_AMONG_THE_APOLLO_11_BASALTS_1978LPSC____9__359B__p0097__b001__table.png,COMPARATIVE PETROLOGY AND POSSIBLE GENETIC RELATIONS AMONG THE APOLLO 11 BASALTS_1978LPSC____9__359B.pdf,COMPARATIVE_PETROLOGY_AND_POSSIBLE_GENETIC_RELATIONS_AMONG_THE_APOLLO_11_BASALTS_1978LPSC____9__359B,97,Copied from olivine-table-images-cleaned for standalone olivine-review bundle.
table-images/COMPARATIVE_PETROLOGY_AND_POSSIBLE_GENETIC_RELATIONS_AMONG_THE_APOLLO_11_BASALTS_1978LPSC____9__359B__p0098__b001__table.png,image,olivine-table-images-cleaned/COMPARATIVE_PETROLOGY_AND_POSSIBLE_GENETIC_RELATIONS_AMONG_THE_APOLLO_11_BASALTS_1978LPSC____9__359B__p0098__b001__table.png,COMPARATIVE PETROLOGY AND POSSIBLE GENETIC RELATIONS AMONG THE APOLLO 11 BASALTS_1978LPSC____9__359B.pdf,COMPARATIVE_PETROLOGY_AND_POSSIBLE_GENETIC_RELATIONS_AMONG_THE_APOLLO_11_BASALTS_1978LPSC____9__359B,98,Copied from olivine-table-images-cleaned for standalone olivine-review bundle.
table-images/COMPARATIVE_PETROLOGY_AND_POSSIBLE_GENETIC_RELATIONS_AMONG_THE_APOLLO_11_BASALTS_1978LPSC____9__359B__p0099__b001__table.png,image,olivine-table-images-cleaned/COMPARATIVE_PETROLOGY_AND_POSSIBLE_GENETIC_RELATIONS_AMONG_THE_APOLLO_11_BASALTS_1978LPSC____9__359B__p0099__b001__table.png,COMPARATIVE PETROLOGY AND POSSIBLE GENETIC RELATIONS AMONG THE APOLLO 11 BASALTS_1978LPSC____9__359B.pdf,COMPARATIVE_PETROLOGY_AND_POSSIBLE_GENETIC_RELATIONS_AMONG_THE_APOLLO_11_BASALTS_1978LPSC____9__359B,99,Copied from olivine-table-images-cleaned for standalone olivine-review bundle.
table-images/COMPARATIVE_PETROLOGY_AND_POSSIBLE_GENETIC_RELATIONS_AMONG_THE_APOLLO_11_BASALTS_1978LPSC____9__359B__p0100__b001__table.png,image,olivine-table-images-cleaned/COMPARATIVE_PETROLOGY_AND_POSSIBLE_GENETIC_RELATIONS_AMONG_THE_APOLLO_11_BASALTS_1978LPSC____9__359B__p0100__b001__table.png,COMPARATIVE PETROLOGY AND POSSIBLE GENETIC RELATIONS AMONG THE APOLLO 11 BASALTS_1978LPSC____9__359B.pdf,COMPARATIVE_PETROLOGY_AND_POSSIBLE_GENETIC_RELATIONS_AMONG_THE_APOLLO_11_BASALTS_1978LPSC____9__359B,100,Copied from olivine-table-images-cleaned for standalone olivine-review bundle.
table-images/COMPARATIVE_PETROLOGY_AND_POSSIBLE_GENETIC_RELATIONS_AMONG_THE_APOLLO_11_BASALTS_1978LPSC____9__359B__p0101__b001__table.png,image,olivine-table-images-cleaned/COMPARATIVE_PETROLOGY_AND_POSSIBLE_GENETIC_RELATIONS_AMONG_THE_APOLLO_11_BASALTS_1978LPSC____9__359B__p0101__b001__table.png,COMPARATIVE PETROLOGY AND POSSIBLE GENETIC RELATIONS AMONG THE APOLLO 11 BASALTS_1978LPSC____9__359B.pdf,COMPARATIVE_PETROLOGY_AND_POSSIBLE_GENETIC_RELATIONS_AMONG_THE_APOLLO_11_BASALTS_1978LPSC____9__359B,101,Copied from olivine-table-images-cleaned for standalone olivine-review bundle.
table-images/COMPARATIVE_PETROLOGY_AND_POSSIBLE_GENETIC_RELATIONS_AMONG_THE_APOLLO_11_BASALTS_1978LPSC____9__359B__p0103__b001__table.png,image,olivine-table-images-cleaned/COMPARATIVE_PETROLOGY_AND_POSSIBLE_GENETIC_RELATIONS_AMONG_THE_APOLLO_11_BASALTS_1978LPSC____9__359B__p0103__b001__table.png,COMPARATIVE PETROLOGY AND POSSIBLE GENETIC RELATIONS AMONG THE APOLLO 11 BASALTS_1978LPSC____9__359B.pdf,COMPARATIVE_PETROLOGY_AND_POSSIBLE_GENETIC_RELATIONS_AMONG_THE_APOLLO_11_BASALTS_1978LPSC____9__359B,103,Copied from olivine-table-images-cleaned for standalone olivine-review bundle.
table-images/COMPARATIVE_PETROLOGY_AND_POSSIBLE_GENETIC_RELATIONS_AMONG_THE_APOLLO_11_BASALTS_1978LPSC____9__359B__p0104__b001__table.png,image,olivine-table-images-cleaned/COMPARATIVE_PETROLOGY_AND_POSSIBLE_GENETIC_RELATIONS_AMONG_THE_APOLLO_11_BASALTS_1978LPSC____9__359B__p0104__b001__table.png,COMPARATIVE PETROLOGY AND POSSIBLE GENETIC RELATIONS AMONG THE APOLLO 11 BASALTS_1978LPSC____9__359B.pdf,COMPARATIVE_PETROLOGY_AND_POSSIBLE_GENETIC_RELATIONS_AMONG_THE_APOLLO_11_BASALTS_1978LPSC____9__359B,104,Copied from olivine-table-images-cleaned for standalone olivine-review bundle.
table-images/COMPARATIVE_PETROLOGY_AND_POSSIBLE_GENETIC_RELATIONS_AMONG_THE_APOLLO_11_BASALTS_1978LPSC____9__359B__p0105__b001__table.png,image,olivine-table-images-cleaned/COMPARATIVE_PETROLOGY_AND_POSSIBLE_GENETIC_RELATIONS_AMONG_THE_APOLLO_11_BASALTS_1978LPSC____9__359B__p0105__b001__table.png,COMPARATIVE PETROLOGY AND POSSIBLE GENETIC RELATIONS AMONG THE APOLLO 11 BASALTS_1978LPSC____9__359B.pdf,COMPARATIVE_PETROLOGY_AND_POSSIBLE_GENETIC_RELATIONS_AMONG_THE_APOLLO_11_BASALTS_1978LPSC____9__359B,105,Copied from olivine-table-images-cleaned for standalone olivine-review bundle.
table-images/COMPARATIVE_PETROLOGY_OF_LUNAR_CUMULATE_ROCKS_OF_POSSIBLE_PRIMARY_ORIGIN-DUNITE_72415_TROCTOLITE_76535_NORITE_78235_AND___p0005__b001__table.png,image,olivine-table-images-cleaned/COMPARATIVE_PETROLOGY_OF_LUNAR_CUMULATE_ROCKS_OF_POSSIBLE_PRIMARY_ORIGIN-DUNITE_72415_TROCTOLITE_76535_NORITE_78235_AND___p0005__b001__table.png,"COMPARATIVE PETROLOGY OF LUNAR CUMULATE ROCKS OF POSSIBLE PRIMARY ORIGIN-DUNITE 72415, TROCTOLITE 76535, NORITE 78235, AND ANORTHOSITE 62237_1975LPSC____6__301D.pdf",COMPARATIVE_PETROLOGY_OF_LUNAR_CUMULATE_ROCKS_OF_POSSIBLE_PRIMARY_ORIGIN-DUNITE_72415_TROCTOLITE_76535_NORITE_78235_AND_,5,Copied from olivine-table-images-cleaned for standalone olivine-review bundle.
table-images/COMPARATIVE_PETROLOGY_OF_LUNAR_CUMULATE_ROCKS_OF_POSSIBLE_PRIMARY_ORIGIN-DUNITE_72415_TROCTOLITE_76535_NORITE_78235_AND___p0017__b001__table.png,image,olivine-table-images-cleaned/COMPARATIVE_PETROLOGY_OF_LUNAR_CUMULATE_ROCKS_OF_POSSIBLE_PRIMARY_ORIGIN-DUNITE_72415_TROCTOLITE_76535_NORITE_78235_AND___p0017__b001__table.png,"COMPARATIVE PETROLOGY OF LUNAR CUMULATE ROCKS OF POSSIBLE PRIMARY ORIGIN-DUNITE 72415, TROCTOLITE 76535, NORITE 78235, AND ANORTHOSITE 62237_1975LPSC____6__301D.pdf",COMPARATIVE_PETROLOGY_OF_LUNAR_CUMULATE_ROCKS_OF_POSSIBLE_PRIMARY_ORIGIN-DUNITE_72415_TROCTOLITE_76535_NORITE_78235_AND_,17,Copied from olivine-table-images-cleaned for standalone olivine-review bundle.
table-images/COMPARATIVE_PETROLOGY_OF_LUNAR_CUMULATE_ROCKS_OF_POSSIBLE_PRIMARY_ORIGIN-DUNITE_72415_TROCTOLITE_76535_NORITE_78235_AND___p0030__b001__table.png,image,olivine-table-images-cleaned/COMPARATIVE_PETROLOGY_OF_LUNAR_CUMULATE_ROCKS_OF_POSSIBLE_PRIMARY_ORIGIN-DUNITE_72415_TROCTOLITE_76535_NORITE_78235_AND___p0030__b001__table.png,"COMPARATIVE PETROLOGY OF LUNAR CUMULATE ROCKS OF POSSIBLE PRIMARY ORIGIN-DUNITE 72415, TROCTOLITE 76535, NORITE 78235, AND ANORTHOSITE 62237_1975LPSC____6__301D.pdf",COMPARATIVE_PETROLOGY_OF_LUNAR_CUMULATE_ROCKS_OF_POSSIBLE_PRIMARY_ORIGIN-DUNITE_72415_TROCTOLITE_76535_NORITE_78235_AND_,30,Copied from olivine-table-images-cleaned for standalone olivine-review bundle.
table-images/COMPOSITION_AND_ORIGIN_OF_LUNA_16_ALUMINOUS_MARE_BASALTS_1976LPSC____7_1301K__p0011__b001__table.png,image,olivine-table-images-cleaned/COMPOSITION_AND_ORIGIN_OF_LUNA_16_ALUMINOUS_MARE_BASALTS_1976LPSC____7_1301K__p0011__b001__table.png,COMPOSITION AND ORIGIN OF LUNA 16 ALUMINOUS MARE BASALTS_1976LPSC____7_1301K.pdf,COMPOSITION_AND_ORIGIN_OF_LUNA_16_ALUMINOUS_MARE_BASALTS_1976LPSC____7_1301K,11,Copied from olivine-table-images-cleaned for standalone olivine-review bundle.
table-images/Chemistry_Geochronology_and_Petrogenesis_of_Lunar_Sample_15555_Chappell-ChemistryGeochronologyPetrogenesis-1972__p0003__b003__table.png,image,olivine-table-images-cleaned/Chemistry_Geochronology_and_Petrogenesis_of_Lunar_Sample_15555_Chappell-ChemistryGeochronologyPetrogenesis-1972__p0003__b003__table.png,"Chemistry, Geochronology, and Petrogenesis of Lunar Sample 15555_Chappell-ChemistryGeochronologyPetrogenesis-1972.pdf",Chemistry_Geochronology_and_Petrogenesis_of_Lunar_Sample_15555_Chappell-ChemistryGeochronologyPetrogenesis-1972,3,Copied from olivine-table-images-cleaned for standalone olivine-review bundle.
table-images/Chemistry_mineralogy_and_petrology_of_seven_greater_than_1_MM_fragments_from_Mare_Crisium_1978mcvl_conf__537L__p0011__b001__table.png,image,olivine-table-images-cleaned/Chemistry_mineralogy_and_petrology_of_seven_greater_than_1_MM_fragments_from_Mare_Crisium_1978mcvl_conf__537L__p0011__b001__table.png,"Chemistry, mineralogy and petrology of seven greater than 1 MM fragments from Mare Crisium_1978mcvl_conf__537L.pdf",Chemistry_mineralogy_and_petrology_of_seven_greater_than_1_MM_fragments_from_Mare_Crisium_1978mcvl_conf__537L,11,Copied from olivine-table-images-cleaned for standalone olivine-review bundle.
table-images/Chemistry_mineralogy_and_petrology_of_seven_greater_than_1_MM_fragments_from_Mare_Crisium_1978mcvl_conf__537L__p0014__b001__table.png,image,olivine-table-images-cleaned/Chemistry_mineralogy_and_petrology_of_seven_greater_than_1_MM_fragments_from_Mare_Crisium_1978mcvl_conf__537L__p0014__b001__table.png,"Chemistry, mineralogy and petrology of seven greater than 1 MM fragments from Mare Crisium_1978mcvl_conf__537L.pdf",Chemistry_mineralogy_and_petrology_of_seven_greater_than_1_MM_fragments_from_Mare_Crisium_1978mcvl_conf__537L,14,Copied from olivine-table-images-cleaned for standalone olivine-review bundle.
table-images/Chemistry_mineralogy_and_petrology_of_seven_greater_than_1_MM_fragments_from_Mare_Crisium_1978mcvl_conf__537L__p0015__b001__table.png,image,olivine-table-images-cleaned/Chemistry_mineralogy_and_petrology_of_seven_greater_than_1_MM_fragments_from_Mare_Crisium_1978mcvl_conf__537L__p0015__b001__table.png,"Chemistry, mineralogy and petrology of seven greater than 1 MM fragments from Mare Crisium_1978mcvl_conf__537L.pdf",Chemistry_mineralogy_and_petrology_of_seven_greater_than_1_MM_fragments_from_Mare_Crisium_1978mcvl_conf__537L,15,Copied from olivine-table-images-cleaned for standalone olivine-review bundle.
table-images/Chemistry_mineralogy_and_petrology_of_seven_greater_than_1_MM_fragments_from_Mare_Crisium_1978mcvl_conf__537L__p0016__b001__table.png,image,olivine-table-images-cleaned/Chemistry_mineralogy_and_petrology_of_seven_greater_than_1_MM_fragments_from_Mare_Crisium_1978mcvl_conf__537L__p0016__b001__table.png,"Chemistry, mineralogy and petrology of seven greater than 1 MM fragments from Mare Crisium_1978mcvl_conf__537L.pdf",Chemistry_mineralogy_and_petrology_of_seven_greater_than_1_MM_fragments_from_Mare_Crisium_1978mcvl_conf__537L,16,Copied from olivine-table-images-cleaned for standalone olivine-review bundle.
table-images/Compositional_characteristics_of_olivines_from_Apollo_12_samples_1-s2.0-0016703772900877-main__p0003__b001__table.png,image,olivine-table-images-cleaned/Compositional_characteristics_of_olivines_from_Apollo_12_samples_1-s2.0-0016703772900877-main__p0003__b001__table.png,Compositional characteristics of olivines from Apollo 12 samples_1-s2.0-0016703772900877-main.pdf,Compositional_characteristics_of_olivines_from_Apollo_12_samples_1-s2.0-0016703772900877-main,3,Copied from olivine-table-images-cleaned for standalone olivine-review bundle.
table-images/Cordierite-Spinel_Troctolite_a_New_Magnesium-Rich_Lithology_from_the_Lunar_Highlands-1989__p0002__b001__table.png,image,olivine-table-images-cleaned/Cordierite-Spinel_Troctolite_a_New_Magnesium-Rich_Lithology_from_the_Lunar_Highlands-1989__p0002__b001__table.png,"Cordierite-Spinel Troctolite, a New Magnesium-Rich Lithology from the Lunar Highlands-1989.pdf",Cordierite-Spinel_Troctolite_a_New_Magnesium-Rich_Lithology_from_the_Lunar_Highlands-1989,2,Copied from olivine-table-images-cleaned for standalone olivine-review bundle.
table-images/Cordierite-Spinel_Troctolite_a_New_Magnesium-Rich_Lithology_from_the_Lunar_Highlands-1989__p0004__b001__table.png,image,olivine-table-images-cleaned/Cordierite-Spinel_Troctolite_a_New_Magnesium-Rich_Lithology_from_the_Lunar_Highlands-1989__p0004__b001__table.png,"Cordierite-Spinel Troctolite, a New Magnesium-Rich Lithology from the Lunar Highlands-1989.pdf",Cordierite-Spinel_Troctolite_a_New_Magnesium-Rich_Lithology_from_the_Lunar_Highlands-1989,4,Copied from olivine-table-images-cleaned for standalone olivine-review bundle.
table-images/Cordierite-Spinel_Troctolite_a_New_Magnesium-Rich_Lithology_from_the_Lunar_Highlands-1989__p0004__b002__table.png,image,olivine-table-images-cleaned/Cordierite-Spinel_Troctolite_a_New_Magnesium-Rich_Lithology_from_the_Lunar_Highlands-1989__p0004__b002__table.png,"Cordierite-Spinel Troctolite, a New Magnesium-Rich Lithology from the Lunar Highlands-1989.pdf",Cordierite-Spinel_Troctolite_a_New_Magnesium-Rich_Lithology_from_the_Lunar_Highlands-1989,4,Copied from olivine-table-images-cleaned for standalone olivine-review bundle.
table-images/Dunite_From_the_Lunar_Highlands-_Petrography_Deformational_History_Rb-Sr_Age_1974LPI_____5____3A__p0002__b001__table.png,image,olivine-table-images-cleaned/Dunite_From_the_Lunar_Highlands-_Petrography_Deformational_History_Rb-Sr_Age_1974LPI_____5____3A__p0002__b001__table.png,"Dunite From the Lunar Highlands- Petrography, Deformational History, Rb-Sr Age_1974LPI_____5____3A.pdf",Dunite_From_the_Lunar_Highlands-_Petrography_Deformational_History_Rb-Sr_Age_1974LPI_____5____3A,2,Copied from olivine-table-images-cleaned for standalone olivine-review bundle.
table-images/Electron-probe_microanalyses_of_minerals_and_glasses_in_Apollo_11_lunar_samples_1970GeCAS___1__633L__p0007__b001__table.png,image,olivine-table-images-cleaned/Electron-probe_microanalyses_of_minerals_and_glasses_in_Apollo_11_lunar_samples_1970GeCAS___1__633L__p0007__b001__table.png,Electron-probe microanalyses of minerals and glasses in Apollo 11 lunar samples_1970GeCAS___1__633L.pdf,Electron-probe_microanalyses_of_minerals_and_glasses_in_Apollo_11_lunar_samples_1970GeCAS___1__633L,7,Copied from olivine-table-images-cleaned for standalone olivine-review bundle.
table-images/Electron-probe_microanalyses_of_minerals_and_glasses_in_Apollo_11_lunar_samples_1970GeCAS___1__633L__p0016__b001__table.png,image,olivine-table-images-cleaned/Electron-probe_microanalyses_of_minerals_and_glasses_in_Apollo_11_lunar_samples_1970GeCAS___1__633L__p0016__b001__table.png,Electron-probe microanalyses of minerals and glasses in Apollo 11 lunar samples_1970GeCAS___1__633L.pdf,Electron-probe_microanalyses_of_minerals_and_glasses_in_Apollo_11_lunar_samples_1970GeCAS___1__633L,16,Copied from olivine-table-images-cleaned for standalone olivine-review bundle.
table-images/Fragments_of_ancient_lunar_crust-_Petrology_and_geochemistry_of_ferroan_noritic_anorthosites_from_the_Descartes_region_o__p0004__b001__table.png,image,olivine-table-images-cleaned/Fragments_of_ancient_lunar_crust-_Petrology_and_geochemistry_of_ferroan_noritic_anorthosites_from_the_Descartes_region_o__p0004__b001__table.png,Fragments of ancient lunar crust- Petrology and geochemistry of ferroan noritic anorthosites from the Descartes region of the Moon.pdf,Fragments_of_ancient_lunar_crust-_Petrology_and_geochemistry_of_ferroan_noritic_anorthosites_from_the_Descartes_region_o,4,Copied from olivine-table-images-cleaned for standalone olivine-review bundle.
table-images/GREEN_GLASS_VITROPHYRE_78526_-_AN_IMPACT_OF_VERY_LOW-TI_MARE_BASALT_COMPOSITION_1978LPSC____9__547W__p0007__b001__table.png,image,olivine-table-images-cleaned/GREEN_GLASS_VITROPHYRE_78526_-_AN_IMPACT_OF_VERY_LOW-TI_MARE_BASALT_COMPOSITION_1978LPSC____9__547W__p0007__b001__table.png,GREEN GLASS VITROPHYRE 78526 - AN IMPACT OF VERY LOW-TI MARE BASALT COMPOSITION_1978LPSC____9__547W.pdf,GREEN_GLASS_VITROPHYRE_78526_-_AN_IMPACT_OF_VERY_LOW-TI_MARE_BASALT_COMPOSITION_1978LPSC____9__547W,7,Copied from olivine-table-images-cleaned for standalone olivine-review bundle.
table-images/HIGHLY_EVOLVED_AND_ULTRAMAFIC_LITHOLOGIES_FROM_APOLLO_14_SOILS_1990LPSC___20___61M__p0010__b002__table.png,image,olivine-table-images-cleaned/HIGHLY_EVOLVED_AND_ULTRAMAFIC_LITHOLOGIES_FROM_APOLLO_14_SOILS_1990LPSC___20___61M__p0010__b002__table.png,HIGHLY EVOLVED AND ULTRAMAFIC LITHOLOGIES FROM APOLLO 14 SOILS_1990LPSC___20___61M.pdf,HIGHLY_EVOLVED_AND_ULTRAMAFIC_LITHOLOGIES_FROM_APOLLO_14_SOILS_1990LPSC___20___61M,10,Copied from olivine-table-images-cleaned for standalone olivine-review bundle.
table-images/Ion_and_electron_microprobe_study_of_troctolites_norite_and_anorthosites_from_Apollo_14-_Evidence_for_urKREEP_assimilati__p0003__b001__table.png,image,olivine-table-images-cleaned/Ion_and_electron_microprobe_study_of_troctolites_norite_and_anorthosites_from_Apollo_14-_Evidence_for_urKREEP_assimilati__p0003__b001__table.png,"Ion and electron microprobe study of troctolites, norite, and anorthosites from Apollo 14- Evidence for urKREEP assimilation during petrogenesis of Apollo 14 Mg-suite rocks.pdf",Ion_and_electron_microprobe_study_of_troctolites_norite_and_anorthosites_from_Apollo_14-_Evidence_for_urKREEP_assimilati,3,Copied from olivine-table-images-cleaned for standalone olivine-review bundle.
table-images/Ion_and_electron_microprobe_study_of_troctolites_norite_and_anorthosites_from_Apollo_14-_Evidence_for_urKREEP_assimilati__p0003__b002__table.png,image,olivine-table-images-cleaned/Ion_and_electron_microprobe_study_of_troctolites_norite_and_anorthosites_from_Apollo_14-_Evidence_for_urKREEP_assimilati__p0003__b002__table.png,"Ion and electron microprobe study of troctolites, norite, and anorthosites from Apollo 14- Evidence for urKREEP assimilation during petrogenesis of Apollo 14 Mg-suite rocks.pdf",Ion_and_electron_microprobe_study_of_troctolites_norite_and_anorthosites_from_Apollo_14-_Evidence_for_urKREEP_assimilati,3,Copied from olivine-table-images-cleaned for standalone olivine-review bundle.
table-images/Ion_and_electron_microprobe_study_of_troctolites_norite_and_anorthosites_from_Apollo_14-_Evidence_for_urKREEP_assimilati__p0005__b001__table.png,image,olivine-table-images-cleaned/Ion_and_electron_microprobe_study_of_troctolites_norite_and_anorthosites_from_Apollo_14-_Evidence_for_urKREEP_assimilati__p0005__b001__table.png,"Ion and electron microprobe study of troctolites, norite, and anorthosites from Apollo 14- Evidence for urKREEP assimilation during petrogenesis of Apollo 14 Mg-suite rocks.pdf",Ion_and_electron_microprobe_study_of_troctolites_norite_and_anorthosites_from_Apollo_14-_Evidence_for_urKREEP_assimilati,5,Copied from olivine-table-images-cleaned for standalone olivine-review bundle.
table-images/Iron_isotope_differences_between_Earth_Moon_Mars_and_Vesta_as_possible_records_of_contrasted_accretion_mechanisms__p0003__b001__table.png,image,olivine-table-images-cleaned/Iron_isotope_differences_between_Earth_Moon_Mars_and_Vesta_as_possible_records_of_contrasted_accretion_mechanisms__p0003__b001__table.png,"Iron isotope differences between Earth, Moon, Mars and Vesta as possible records of contrasted accretion mechanisms.pdf",Iron_isotope_differences_between_Earth_Moon_Mars_and_Vesta_as_possible_records_of_contrasted_accretion_mechanisms,3,Copied from olivine-table-images-cleaned for standalone olivine-review bundle.
table-images/Iron_isotope_differences_between_Earth_Moon_Mars_and_Vesta_as_possible_records_of_contrasted_accretion_mechanisms__p0004__b001__table.png,image,olivine-table-images-cleaned/Iron_isotope_differences_between_Earth_Moon_Mars_and_Vesta_as_possible_records_of_contrasted_accretion_mechanisms__p0004__b001__table.png,"Iron isotope differences between Earth, Moon, Mars and Vesta as possible records of contrasted accretion mechanisms.pdf",Iron_isotope_differences_between_Earth_Moon_Mars_and_Vesta_as_possible_records_of_contrasted_accretion_mechanisms,4,Copied from olivine-table-images-cleaned for standalone olivine-review bundle.
table-images/LEAD-LEAD_AGE_AND_TRACE_ELEMENT_ABUNDANCES_IN_LUNAR_TROCTOLITE_76535_1975LPI_____6__373H__p0003__b001__table.png,image,olivine-table-images-cleaned/LEAD-LEAD_AGE_AND_TRACE_ELEMENT_ABUNDANCES_IN_LUNAR_TROCTOLITE_76535_1975LPI_____6__373H__p0003__b001__table.png,LEAD-LEAD AGE AND TRACE ELEMENT ABUNDANCES IN LUNAR TROCTOLITE 76535_1975LPI_____6__373H.pdf,LEAD-LEAD_AGE_AND_TRACE_ELEMENT_ABUNDANCES_IN_LUNAR_TROCTOLITE_76535_1975LPI_____6__373H,3,Copied from olivine-table-images-cleaned for standalone olivine-review bundle.
table-images/LUNAR_FERROAN_ANORTHOSITE_60025-PETROLOGY_AND_CHEMISTRY_OF_MAFIC_LITHOLOGIES_1991LPSC___21___63J__p0003__b002__table.png,image,olivine-table-images-cleaned/LUNAR_FERROAN_ANORTHOSITE_60025-PETROLOGY_AND_CHEMISTRY_OF_MAFIC_LITHOLOGIES_1991LPSC___21___63J__p0003__b002__table.png,LUNAR FERROAN ANORTHOSITE 60025-PETROLOGY AND CHEMISTRY OF MAFIC LITHOLOGIES 1991LPSC___21___63J.pdf,LUNAR_FERROAN_ANORTHOSITE_60025-PETROLOGY_AND_CHEMISTRY_OF_MAFIC_LITHOLOGIES_1991LPSC___21___63J,3,Copied from olivine-table-images-cleaned for standalone olivine-review bundle.
table-images/LUNAR_FERROAN_ANORTHOSITE_60025-PETROLOGY_AND_CHEMISTRY_OF_MAFIC_LITHOLOGIES_1991LPSC___21___63J__p0018__b001__table.png,image,olivine-table-images-cleaned/LUNAR_FERROAN_ANORTHOSITE_60025-PETROLOGY_AND_CHEMISTRY_OF_MAFIC_LITHOLOGIES_1991LPSC___21___63J__p0018__b001__table.png,LUNAR FERROAN ANORTHOSITE 60025-PETROLOGY AND CHEMISTRY OF MAFIC LITHOLOGIES 1991LPSC___21___63J.pdf,LUNAR_FERROAN_ANORTHOSITE_60025-PETROLOGY_AND_CHEMISTRY_OF_MAFIC_LITHOLOGIES_1991LPSC___21___63J,18,Copied from olivine-table-images-cleaned for standalone olivine-review bundle.
table-images/LUNAR_HIGHLAND_MELT_ROCKS-_CHEMISTRY_PETROLOGY_AND_SILICATE_MINERALOGY._1980luhc_conf__271V__p0010__b001__table.png,image,olivine-table-images-cleaned/LUNAR_HIGHLAND_MELT_ROCKS-_CHEMISTRY_PETROLOGY_AND_SILICATE_MINERALOGY._1980luhc_conf__271V__p0010__b001__table.png,"LUNAR HIGHLAND MELT ROCKS- CHEMISTRY, PETROLOGY AND SILICATE MINERALOGY._1980luhc_conf__271V.pdf",LUNAR_HIGHLAND_MELT_ROCKS-_CHEMISTRY_PETROLOGY_AND_SILICATE_MINERALOGY._1980luhc_conf__271V,10,Copied from olivine-table-images-cleaned for standalone olivine-review bundle.
table-images/LUNAR_HIGHLAND_MELT_ROCKS-_CHEMISTRY_PETROLOGY_AND_SILICATE_MINERALOGY._1980luhc_conf__271V__p0011__b001__table.png,image,olivine-table-images-cleaned/LUNAR_HIGHLAND_MELT_ROCKS-_CHEMISTRY_PETROLOGY_AND_SILICATE_MINERALOGY._1980luhc_conf__271V__p0011__b001__table.png,"LUNAR HIGHLAND MELT ROCKS- CHEMISTRY, PETROLOGY AND SILICATE MINERALOGY._1980luhc_conf__271V.pdf",LUNAR_HIGHLAND_MELT_ROCKS-_CHEMISTRY_PETROLOGY_AND_SILICATE_MINERALOGY._1980luhc_conf__271V,11,Copied from olivine-table-images-cleaned for standalone olivine-review bundle.
table-images/LUNAR_HIGHLAND_MELT_ROCKS-_CHEMISTRY_PETROLOGY_AND_SILICATE_MINERALOGY._1980luhc_conf__271V__p0042__b001__table.png,image,olivine-table-images-cleaned/LUNAR_HIGHLAND_MELT_ROCKS-_CHEMISTRY_PETROLOGY_AND_SILICATE_MINERALOGY._1980luhc_conf__271V__p0042__b001__table.png,"LUNAR HIGHLAND MELT ROCKS- CHEMISTRY, PETROLOGY AND SILICATE MINERALOGY._1980luhc_conf__271V.pdf",LUNAR_HIGHLAND_MELT_ROCKS-_CHEMISTRY_PETROLOGY_AND_SILICATE_MINERALOGY._1980luhc_conf__271V,42,Copied from olivine-table-images-cleaned for standalone olivine-review bundle.
table-images/LUNAR_HIGHLAND_MELT_ROCKS-_CHEMISTRY_PETROLOGY_AND_SILICATE_MINERALOGY._1980luhc_conf__271V__p0056__b001__table.png,image,olivine-table-images-cleaned/LUNAR_HIGHLAND_MELT_ROCKS-_CHEMISTRY_PETROLOGY_AND_SILICATE_MINERALOGY._1980luhc_conf__271V__p0056__b001__table.png,"LUNAR HIGHLAND MELT ROCKS- CHEMISTRY, PETROLOGY AND SILICATE MINERALOGY._1980luhc_conf__271V.pdf",LUNAR_HIGHLAND_MELT_ROCKS-_CHEMISTRY_PETROLOGY_AND_SILICATE_MINERALOGY._1980luhc_conf__271V,56,Copied from olivine-table-images-cleaned for standalone olivine-review bundle.
table-images/LUNAR_HIGHLAND_MELT_ROCKS-_CHEMISTRY_PETROLOGY_AND_SILICATE_MINERALOGY._1980luhc_conf__271V__p0057__b001__table.png,image,olivine-table-images-cleaned/LUNAR_HIGHLAND_MELT_ROCKS-_CHEMISTRY_PETROLOGY_AND_SILICATE_MINERALOGY._1980luhc_conf__271V__p0057__b001__table.png,"LUNAR HIGHLAND MELT ROCKS- CHEMISTRY, PETROLOGY AND SILICATE MINERALOGY._1980luhc_conf__271V.pdf",LUNAR_HIGHLAND_MELT_ROCKS-_CHEMISTRY_PETROLOGY_AND_SILICATE_MINERALOGY._1980luhc_conf__271V,57,Copied from olivine-table-images-cleaned for standalone olivine-review bundle.
table-images/Lunar_petrology_of_silicate_melt_inclusions_Apollo_11_rocks_1970GeCAS___1__801R__p0010__b001__table.png,image,olivine-table-images-cleaned/Lunar_petrology_of_silicate_melt_inclusions_Apollo_11_rocks_1970GeCAS___1__801R__p0010__b001__table.png,"Lunar petrology of silicate melt inclusions, Apollo 11 rocks_1970GeCAS___1__801R.pdf",Lunar_petrology_of_silicate_melt_inclusions_Apollo_11_rocks_1970GeCAS___1__801R,10,Copied from olivine-table-images-cleaned for standalone olivine-review bundle.
table-images/MARE_BASALTS_FROM_THE_TAURUS-LITTROW_REGION_OF_THE_MOON_1974LPSC____5__471P__p0005__b001__table.png,image,olivine-table-images-cleaned/MARE_BASALTS_FROM_THE_TAURUS-LITTROW_REGION_OF_THE_MOON_1974LPSC____5__471P__p0005__b001__table.png,MARE BASALTS FROM THE TAURUS-LITTROW REGION OF THE MOON_1974LPSC____5__471P.pdf,MARE_BASALTS_FROM_THE_TAURUS-LITTROW_REGION_OF_THE_MOON_1974LPSC____5__471P,5,Copied from olivine-table-images-cleaned for standalone olivine-review bundle.
table-images/MARE_BASALTS_FROM_THE_TAURUS-LITTROW_REGION_OF_THE_MOON_1974LPSC____5__471P__p0014__b001__table.png,image,olivine-table-images-cleaned/MARE_BASALTS_FROM_THE_TAURUS-LITTROW_REGION_OF_THE_MOON_1974LPSC____5__471P__p0014__b001__table.png,MARE BASALTS FROM THE TAURUS-LITTROW REGION OF THE MOON_1974LPSC____5__471P.pdf,MARE_BASALTS_FROM_THE_TAURUS-LITTROW_REGION_OF_THE_MOON_1974LPSC____5__471P,14,Copied from olivine-table-images-cleaned for standalone olivine-review bundle.
table-images/MICROPROBE_STUDIES_OF_THREE_LUNA_16_BASALT_FRAGMENTS_1-s2.0-0012821X72901008-main__p0005__b001__table.png,image,olivine-table-images-cleaned/MICROPROBE_STUDIES_OF_THREE_LUNA_16_BASALT_FRAGMENTS_1-s2.0-0012821X72901008-main__p0005__b001__table.png,MICROPROBE STUDIES OF THREE LUNA 16 BASALT FRAGMENTS_1-s2.0-0012821X72901008-main.pdf,MICROPROBE_STUDIES_OF_THREE_LUNA_16_BASALT_FRAGMENTS_1-s2.0-0012821X72901008-main,5,Copied from olivine-table-images-cleaned for standalone olivine-review bundle.
table-images/MINERALOGICAL_CHEMICAL_AND_PETROLOGICAL_FEATURES_OF_APOLLO_11_ROCKS_AND_THEIR_RELATIONSHIP_TO_IGNEOUS_PROCESSES_1970GeCA__p0003__b001__table.png,image,olivine-table-images-cleaned/MINERALOGICAL_CHEMICAL_AND_PETROLOGICAL_FEATURES_OF_APOLLO_11_ROCKS_AND_THEIR_RELATIONSHIP_TO_IGNEOUS_PROCESSES_1970GeCA__p0003__b001__table.png,"MINERALOGICAL, CHEMICAL AND PETROLOGICAL FEATURES OF APOLLO 11 ROCKS AND THEIR RELATIONSHIP TO IGNEOUS PROCESSES_1970GeCAS___1__195B.pdf",MINERALOGICAL_CHEMICAL_AND_PETROLOGICAL_FEATURES_OF_APOLLO_11_ROCKS_AND_THEIR_RELATIONSHIP_TO_IGNEOUS_PROCESSES_1970GeCA,3,Copied from olivine-table-images-cleaned for standalone olivine-review bundle.
table-images/MINERALOGICAL_CHEMICAL_AND_PETROLOGICAL_FEATURES_OF_APOLLO_11_ROCKS_AND_THEIR_RELATIONSHIP_TO_IGNEOUS_PROCESSES_1970GeCA__p0008__b001__table.png,image,olivine-table-images-cleaned/MINERALOGICAL_CHEMICAL_AND_PETROLOGICAL_FEATURES_OF_APOLLO_11_ROCKS_AND_THEIR_RELATIONSHIP_TO_IGNEOUS_PROCESSES_1970GeCA__p0008__b001__table.png,"MINERALOGICAL, CHEMICAL AND PETROLOGICAL FEATURES OF APOLLO 11 ROCKS AND THEIR RELATIONSHIP TO IGNEOUS PROCESSES_1970GeCAS___1__195B.pdf",MINERALOGICAL_CHEMICAL_AND_PETROLOGICAL_FEATURES_OF_APOLLO_11_ROCKS_AND_THEIR_RELATIONSHIP_TO_IGNEOUS_PROCESSES_1970GeCA,8,Copied from olivine-table-images-cleaned for standalone olivine-review bundle.
table-images/MINERALOGIC_AND_ISOTOPIC_INVESTIGATIONS_ON_LUNAR-ROCK-12013_1-s2.0-0012821X70900464-main__p0006__b001__table.png,image,olivine-table-images-cleaned/MINERALOGIC_AND_ISOTOPIC_INVESTIGATIONS_ON_LUNAR-ROCK-12013_1-s2.0-0012821X70900464-main__p0006__b001__table.png,MINERALOGIC AND ISOTOPIC INVESTIGATIONS ON LUNAR-ROCK-12013_1-s2.0-0012821X70900464-main.pdf,MINERALOGIC_AND_ISOTOPIC_INVESTIGATIONS_ON_LUNAR-ROCK-12013_1-s2.0-0012821X70900464-main,6,Copied from olivine-table-images-cleaned for standalone olivine-review bundle.
table-images/MINERALOGY_PETROLOGY_AND_CHEMISTRY_OF_A_LUNA_16_BASALTIC_FRAGMENT_SAMPLE_B-1_1-s2.0-0012821X72901100-main__p0006__b002__table.png,image,olivine-table-images-cleaned/MINERALOGY_PETROLOGY_AND_CHEMISTRY_OF_A_LUNA_16_BASALTIC_FRAGMENT_SAMPLE_B-1_1-s2.0-0012821X72901100-main__p0006__b002__table.png,"MINERALOGY, PETROLOGY, AND CHEMISTRY OF A LUNA 16 BASALTIC FRAGMENT, SAMPLE B-1_1-s2.0-0012821X72901100-main.pdf",MINERALOGY_PETROLOGY_AND_CHEMISTRY_OF_A_LUNA_16_BASALTIC_FRAGMENT_SAMPLE_B-1_1-s2.0-0012821X72901100-main,6,Copied from olivine-table-images-cleaned for standalone olivine-review bundle.
table-images/Metamorphism_of_Apollo_16_and_17_and_Luna_20_metaclastic_rocks_at_about_3.95_AE-_Samples_61156_64423_14-2_65015_67483_15__p0004__b001__table.png,image,olivine-table-images-cleaned/Metamorphism_of_Apollo_16_and_17_and_Luna_20_metaclastic_rocks_at_about_3.95_AE-_Samples_61156_64423_14-2_65015_67483_15__p0004__b001__table.png,"Metamorphism of Apollo 16 and 17 and Luna 20 metaclastic rocks at about 3.95 AE- Samples 61156, 64423, 14-2, 65015, 67483, 15-2, 76055, 22006, and 22007_1973LPSC____4__569A.pdf",Metamorphism_of_Apollo_16_and_17_and_Luna_20_metaclastic_rocks_at_about_3.95_AE-_Samples_61156_64423_14-2_65015_67483_15,4,Copied from olivine-table-images-cleaned for standalone olivine-review bundle.
table-images/Metamorphism_of_Apollo_16_and_17_and_Luna_20_metaclastic_rocks_at_about_3.95_AE-_Samples_61156_64423_14-2_65015_67483_15__p0010__b001__table.png,image,olivine-table-images-cleaned/Metamorphism_of_Apollo_16_and_17_and_Luna_20_metaclastic_rocks_at_about_3.95_AE-_Samples_61156_64423_14-2_65015_67483_15__p0010__b001__table.png,"Metamorphism of Apollo 16 and 17 and Luna 20 metaclastic rocks at about 3.95 AE- Samples 61156, 64423, 14-2, 65015, 67483, 15-2, 76055, 22006, and 22007_1973LPSC____4__569A.pdf",Metamorphism_of_Apollo_16_and_17_and_Luna_20_metaclastic_rocks_at_about_3.95_AE-_Samples_61156_64423_14-2_65015_67483_15,10,Copied from olivine-table-images-cleaned for standalone olivine-review bundle.
table-images/Metamorphism_of_Apollo_16_and_17_and_Luna_20_metaclastic_rocks_at_about_3.95_AE-_Samples_61156_64423_14-2_65015_67483_15__p0014__b001__table.png,image,olivine-table-images-cleaned/Metamorphism_of_Apollo_16_and_17_and_Luna_20_metaclastic_rocks_at_about_3.95_AE-_Samples_61156_64423_14-2_65015_67483_15__p0014__b001__table.png,"Metamorphism of Apollo 16 and 17 and Luna 20 metaclastic rocks at about 3.95 AE- Samples 61156, 64423, 14-2, 65015, 67483, 15-2, 76055, 22006, and 22007_1973LPSC____4__569A.pdf",Metamorphism_of_Apollo_16_and_17_and_Luna_20_metaclastic_rocks_at_about_3.95_AE-_Samples_61156_64423_14-2_65015_67483_15,14,Copied from olivine-table-images-cleaned for standalone olivine-review bundle.
table-images/Metamorphism_of_Apollo_16_and_17_and_Luna_20_metaclastic_rocks_at_about_3.95_AE-_Samples_61156_64423_14-2_65015_67483_15__p0015__b001__table.png,image,olivine-table-images-cleaned/Metamorphism_of_Apollo_16_and_17_and_Luna_20_metaclastic_rocks_at_about_3.95_AE-_Samples_61156_64423_14-2_65015_67483_15__p0015__b001__table.png,"Metamorphism of Apollo 16 and 17 and Luna 20 metaclastic rocks at about 3.95 AE- Samples 61156, 64423, 14-2, 65015, 67483, 15-2, 76055, 22006, and 22007_1973LPSC____4__569A.pdf",Metamorphism_of_Apollo_16_and_17_and_Luna_20_metaclastic_rocks_at_about_3.95_AE-_Samples_61156_64423_14-2_65015_67483_15,15,Copied from olivine-table-images-cleaned for standalone olivine-review bundle.
table-images/Metamorphism_of_Apollo_16_and_17_and_Luna_20_metaclastic_rocks_at_about_3.95_AE-_Samples_61156_64423_14-2_65015_67483_15__p0017__b001__table.png,image,olivine-table-images-cleaned/Metamorphism_of_Apollo_16_and_17_and_Luna_20_metaclastic_rocks_at_about_3.95_AE-_Samples_61156_64423_14-2_65015_67483_15__p0017__b001__table.png,"Metamorphism of Apollo 16 and 17 and Luna 20 metaclastic rocks at about 3.95 AE- Samples 61156, 64423, 14-2, 65015, 67483, 15-2, 76055, 22006, and 22007_1973LPSC____4__569A.pdf",Metamorphism_of_Apollo_16_and_17_and_Luna_20_metaclastic_rocks_at_about_3.95_AE-_Samples_61156_64423_14-2_65015_67483_15,17,Copied from olivine-table-images-cleaned for standalone olivine-review bundle.
table-images/Metamorphism_of_brecciated_ANT_rocks_-_Anorthositic_troctolite_72559_and_norite_78527_1978LPSC____9__773N__p0002__b001__table.png,image,olivine-table-images-cleaned/Metamorphism_of_brecciated_ANT_rocks_-_Anorthositic_troctolite_72559_and_norite_78527_1978LPSC____9__773N__p0002__b001__table.png,Metamorphism of brecciated ANT rocks - Anorthositic troctolite 72559 and norite 78527_1978LPSC____9__773N.pdf,Metamorphism_of_brecciated_ANT_rocks_-_Anorthositic_troctolite_72559_and_norite_78527_1978LPSC____9__773N,2,Copied from olivine-table-images-cleaned for standalone olivine-review bundle.
table-images/Metamorphism_of_brecciated_ANT_rocks_-_Anorthositic_troctolite_72559_and_norite_78527_1978LPSC____9__773N__p0006__b001__table.png,image,olivine-table-images-cleaned/Metamorphism_of_brecciated_ANT_rocks_-_Anorthositic_troctolite_72559_and_norite_78527_1978LPSC____9__773N__p0006__b001__table.png,Metamorphism of brecciated ANT rocks - Anorthositic troctolite 72559 and norite 78527_1978LPSC____9__773N.pdf,Metamorphism_of_brecciated_ANT_rocks_-_Anorthositic_troctolite_72559_and_norite_78527_1978LPSC____9__773N,6,Copied from olivine-table-images-cleaned for standalone olivine-review bundle.
table-images/Mineral-Chemical_and_Isotopic_Variations_in_Apollo_16_Impact-Melt_Breccias__p0007__b001__table.png,image,olivine-table-images-cleaned/Mineral-Chemical_and_Isotopic_Variations_in_Apollo_16_Impact-Melt_Breccias__p0007__b001__table.png,Mineral-Chemical and Isotopic Variations in Apollo 16 Impact-Melt Breccias.pdf,Mineral-Chemical_and_Isotopic_Variations_in_Apollo_16_Impact-Melt_Breccias,7,Copied from olivine-table-images-cleaned for standalone olivine-review bundle.
table-images/Mineral_compositions_in_pristine_lunar_highland_rocks_and_the__p0002__b001__table.png,image,olivine-table-images-cleaned/Mineral_compositions_in_pristine_lunar_highland_rocks_and_the__p0002__b001__table.png,Mineral compositions in pristine lunar highland rocks and the.pdf,Mineral_compositions_in_pristine_lunar_highland_rocks_and_the,2,Copied from olivine-table-images-cleaned for standalone olivine-review bundle.
table-images/Mineral_compositions_in_pristine_lunar_highland_rocks_and_the__p0002__b003__table.png,image,olivine-table-images-cleaned/Mineral_compositions_in_pristine_lunar_highland_rocks_and_the__p0002__b003__table.png,Mineral compositions in pristine lunar highland rocks and the.pdf,Mineral_compositions_in_pristine_lunar_highland_rocks_and_the,2,Copied from olivine-table-images-cleaned for standalone olivine-review bundle.
table-images/Mineral_compositions_in_pristine_lunar_highland_rocks_and_the__p0003__b001__table.png,image,olivine-table-images-cleaned/Mineral_compositions_in_pristine_lunar_highland_rocks_and_the__p0003__b001__table.png,Mineral compositions in pristine lunar highland rocks and the.pdf,Mineral_compositions_in_pristine_lunar_highland_rocks_and_the,3,Copied from olivine-table-images-cleaned for standalone olivine-review bundle.
table-images/Mineralogical_and_chemical_characterization_of_lunar_highland_soils-_Insights_into_the_space_weathering_of_soils_on_airl__p0004__b001__table.png,image,olivine-table-images-cleaned/Mineralogical_and_chemical_characterization_of_lunar_highland_soils-_Insights_into_the_space_weathering_of_soils_on_airl__p0004__b001__table.png,Mineralogical and chemical characterization of lunar highland soils- Insights into the space weathering of soils on airless bodies.pdf,Mineralogical_and_chemical_characterization_of_lunar_highland_soils-_Insights_into_the_space_weathering_of_soils_on_airl,4,Copied from olivine-table-images-cleaned for standalone olivine-review bundle.
table-images/Mineralogical_and_chemical_characterization_of_lunar_highland_soils-_Insights_into_the_space_weathering_of_soils_on_airl__p0007__b001__table.png,image,olivine-table-images-cleaned/Mineralogical_and_chemical_characterization_of_lunar_highland_soils-_Insights_into_the_space_weathering_of_soils_on_airl__p0007__b001__table.png,Mineralogical and chemical characterization of lunar highland soils- Insights into the space weathering of soils on airless bodies.pdf,Mineralogical_and_chemical_characterization_of_lunar_highland_soils-_Insights_into_the_space_weathering_of_soils_on_airl,7,Copied from olivine-table-images-cleaned for standalone olivine-review bundle.
table-images/Mineralogical_and_chemical_characterization_of_lunar_highland_soils-_Insights_into_the_space_weathering_of_soils_on_airl__p0008__b001__table.png,image,olivine-table-images-cleaned/Mineralogical_and_chemical_characterization_of_lunar_highland_soils-_Insights_into_the_space_weathering_of_soils_on_airl__p0008__b001__table.png,Mineralogical and chemical characterization of lunar highland soils- Insights into the space weathering of soils on airless bodies.pdf,Mineralogical_and_chemical_characterization_of_lunar_highland_soils-_Insights_into_the_space_weathering_of_soils_on_airl,8,Copied from olivine-table-images-cleaned for standalone olivine-review bundle.
table-images/Mineralogical_and_chemical_characterization_of_lunar_highland_soils-_Insights_into_the_space_weathering_of_soils_on_airl__p0009__b001__table.png,image,olivine-table-images-cleaned/Mineralogical_and_chemical_characterization_of_lunar_highland_soils-_Insights_into_the_space_weathering_of_soils_on_airl__p0009__b001__table.png,Mineralogical and chemical characterization of lunar highland soils- Insights into the space weathering of soils on airless bodies.pdf,Mineralogical_and_chemical_characterization_of_lunar_highland_soils-_Insights_into_the_space_weathering_of_soils_on_airl,9,Copied from olivine-table-images-cleaned for standalone olivine-review bundle.
table-images/Mineralogical_comparison_of_the_Y86032-type_lunar_meteorites_to_feldspathic_fragmental_breccia_67016_1990LPSC___20___91T__p0004__b003__table.png,image,olivine-table-images-cleaned/Mineralogical_comparison_of_the_Y86032-type_lunar_meteorites_to_feldspathic_fragmental_breccia_67016_1990LPSC___20___91T__p0004__b003__table.png,Mineralogical comparison of the Y86032-type lunar meteorites to feldspathic fragmental breccia 67016_1990LPSC___20___91T.pdf,Mineralogical_comparison_of_the_Y86032-type_lunar_meteorites_to_feldspathic_fragmental_breccia_67016_1990LPSC___20___91T,4,Copied from olivine-table-images-cleaned for standalone olivine-review bundle.
table-images/Mineralogy_and_Petrology_of_the_Apollo_12_Lunar_Sample_1971SAOSR_333_____W__p0067__b001__table.png,image,olivine-table-images-cleaned/Mineralogy_and_Petrology_of_the_Apollo_12_Lunar_Sample_1971SAOSR_333_____W__p0067__b001__table.png,Mineralogy and Petrology of the Apollo 12 Lunar Sample_1971SAOSR_333_____W.pdf,Mineralogy_and_Petrology_of_the_Apollo_12_Lunar_Sample_1971SAOSR_333_____W,67,Copied from olivine-table-images-cleaned for standalone olivine-review bundle.
table-images/Mineralogy_and_Petrology_of_the_Apollo_12_Lunar_Sample_1971SAOSR_333_____W__p0081__b001__table.png,image,olivine-table-images-cleaned/Mineralogy_and_Petrology_of_the_Apollo_12_Lunar_Sample_1971SAOSR_333_____W__p0081__b001__table.png,Mineralogy and Petrology of the Apollo 12 Lunar Sample_1971SAOSR_333_____W.pdf,Mineralogy_and_Petrology_of_the_Apollo_12_Lunar_Sample_1971SAOSR_333_____W,81,Copied from olivine-table-images-cleaned for standalone olivine-review bundle.
table-images/Mineralogy_and_Petrology_of_the_Apollo_12_Lunar_Sample_1971SAOSR_333_____W__p0113__b001__table.png,image,olivine-table-images-cleaned/Mineralogy_and_Petrology_of_the_Apollo_12_Lunar_Sample_1971SAOSR_333_____W__p0113__b001__table.png,Mineralogy and Petrology of the Apollo 12 Lunar Sample_1971SAOSR_333_____W.pdf,Mineralogy_and_Petrology_of_the_Apollo_12_Lunar_Sample_1971SAOSR_333_____W,113,Copied from olivine-table-images-cleaned for standalone olivine-review bundle.
table-images/Mineralogy_and_Petrology_of_the_Apollo_12_Lunar_Sample_1971SAOSR_333_____W__p0114__b001__table.png,image,olivine-table-images-cleaned/Mineralogy_and_Petrology_of_the_Apollo_12_Lunar_Sample_1971SAOSR_333_____W__p0114__b001__table.png,Mineralogy and Petrology of the Apollo 12 Lunar Sample_1971SAOSR_333_____W.pdf,Mineralogy_and_Petrology_of_the_Apollo_12_Lunar_Sample_1971SAOSR_333_____W,114,Copied from olivine-table-images-cleaned for standalone olivine-review bundle.
table-images/Mineralogy_and_Petrology_of_the_Apollo_12_Lunar_Sample_1971SAOSR_333_____W__p0133__b001__table.png,image,olivine-table-images-cleaned/Mineralogy_and_Petrology_of_the_Apollo_12_Lunar_Sample_1971SAOSR_333_____W__p0133__b001__table.png,Mineralogy and Petrology of the Apollo 12 Lunar Sample_1971SAOSR_333_____W.pdf,Mineralogy_and_Petrology_of_the_Apollo_12_Lunar_Sample_1971SAOSR_333_____W,133,Copied from olivine-table-images-cleaned for standalone olivine-review bundle.
table-images/Mineralogy_and_Petrology_of_the_Apollo_12_Lunar_Sample_1971SAOSR_333_____W__p0159__b001__table.png,image,olivine-table-images-cleaned/Mineralogy_and_Petrology_of_the_Apollo_12_Lunar_Sample_1971SAOSR_333_____W__p0159__b001__table.png,Mineralogy and Petrology of the Apollo 12 Lunar Sample_1971SAOSR_333_____W.pdf,Mineralogy_and_Petrology_of_the_Apollo_12_Lunar_Sample_1971SAOSR_333_____W,159,Copied from olivine-table-images-cleaned for standalone olivine-review bundle.
table-images/Mineralogy_and_Petrology_of_the_Apollo_12_Lunar_Sample_1971SAOSR_333_____W__p0160__b001__table.png,image,olivine-table-images-cleaned/Mineralogy_and_Petrology_of_the_Apollo_12_Lunar_Sample_1971SAOSR_333_____W__p0160__b001__table.png,Mineralogy and Petrology of the Apollo 12 Lunar Sample_1971SAOSR_333_____W.pdf,Mineralogy_and_Petrology_of_the_Apollo_12_Lunar_Sample_1971SAOSR_333_____W,160,Copied from olivine-table-images-cleaned for standalone olivine-review bundle.
table-images/Mineralogy_and_Petrology_of_the_Apollo_12_Lunar_Sample_1971SAOSR_333_____W__p0170__b001__table.png,image,olivine-table-images-cleaned/Mineralogy_and_Petrology_of_the_Apollo_12_Lunar_Sample_1971SAOSR_333_____W__p0170__b001__table.png,Mineralogy and Petrology of the Apollo 12 Lunar Sample_1971SAOSR_333_____W.pdf,Mineralogy_and_Petrology_of_the_Apollo_12_Lunar_Sample_1971SAOSR_333_____W,170,Copied from olivine-table-images-cleaned for standalone olivine-review bundle.
table-images/Mineralogy_and_Petrology_of_the_Apollo_12_Lunar_Sample_1971SAOSR_333_____W__p0171__b001__table.png,image,olivine-table-images-cleaned/Mineralogy_and_Petrology_of_the_Apollo_12_Lunar_Sample_1971SAOSR_333_____W__p0171__b001__table.png,Mineralogy and Petrology of the Apollo 12 Lunar Sample_1971SAOSR_333_____W.pdf,Mineralogy_and_Petrology_of_the_Apollo_12_Lunar_Sample_1971SAOSR_333_____W,171,Copied from olivine-table-images-cleaned for standalone olivine-review bundle.
table-images/Mineralogy_and_Petrology_of_the_Apollo_12_Lunar_Sample_1971SAOSR_333_____W__p0232__b001__table.png,image,olivine-table-images-cleaned/Mineralogy_and_Petrology_of_the_Apollo_12_Lunar_Sample_1971SAOSR_333_____W__p0232__b001__table.png,Mineralogy and Petrology of the Apollo 12 Lunar Sample_1971SAOSR_333_____W.pdf,Mineralogy_and_Petrology_of_the_Apollo_12_Lunar_Sample_1971SAOSR_333_____W,232,Copied from olivine-table-images-cleaned for standalone olivine-review bundle.
table-images/Mineralogy_petrology_and_chemistry_of_some_Apollo_12_samples_1971LPSC____2__319K__p0008__b001__table.png,image,olivine-table-images-cleaned/Mineralogy_petrology_and_chemistry_of_some_Apollo_12_samples_1971LPSC____2__319K__p0008__b001__table.png,"Mineralogy, petrology, and chemistry of some Apollo 12 samples_1971LPSC____2__319K.pdf",Mineralogy_petrology_and_chemistry_of_some_Apollo_12_samples_1971LPSC____2__319K,8,Copied from olivine-table-images-cleaned for standalone olivine-review bundle.
table-images/PETROGENESIS_OF_THE_APOLLO_14_HIGH-ALUMINA_BASALTS-_IMPLICATIONS_FROM_ION_MICROPROBE_ANALYSES__p0002__b002__table.png,image,olivine-table-images-cleaned/PETROGENESIS_OF_THE_APOLLO_14_HIGH-ALUMINA_BASALTS-_IMPLICATIONS_FROM_ION_MICROPROBE_ANALYSES__p0002__b002__table.png,PETROGENESIS OF THE APOLLO 14 HIGH-ALUMINA BASALTS- IMPLICATIONS FROM ION MICROPROBE ANALYSES.pdf,PETROGENESIS_OF_THE_APOLLO_14_HIGH-ALUMINA_BASALTS-_IMPLICATIONS_FROM_ION_MICROPROBE_ANALYSES,2,Copied from olivine-table-images-cleaned for standalone olivine-review bundle.
table-images/PETROGENESIS_OF_THE_APOLLO_14_HIGH-ALUMINA_BASALTS-_IMPLICATIONS_FROM_ION_MICROPROBE_ANALYSES__p0009__b001__table.png,image,olivine-table-images-cleaned/PETROGENESIS_OF_THE_APOLLO_14_HIGH-ALUMINA_BASALTS-_IMPLICATIONS_FROM_ION_MICROPROBE_ANALYSES__p0009__b001__table.png,PETROGENESIS OF THE APOLLO 14 HIGH-ALUMINA BASALTS- IMPLICATIONS FROM ION MICROPROBE ANALYSES.pdf,PETROGENESIS_OF_THE_APOLLO_14_HIGH-ALUMINA_BASALTS-_IMPLICATIONS_FROM_ION_MICROPROBE_ANALYSES,9,Copied from olivine-table-images-cleaned for standalone olivine-review bundle.
table-images/PETROGENESIS_OF_THE_APOLLO_14_HIGH-ALUMINA_BASALTS-_IMPLICATIONS_FROM_ION_MICROPROBE_ANALYSES__p0009__b002__table.png,image,olivine-table-images-cleaned/PETROGENESIS_OF_THE_APOLLO_14_HIGH-ALUMINA_BASALTS-_IMPLICATIONS_FROM_ION_MICROPROBE_ANALYSES__p0009__b002__table.png,PETROGENESIS OF THE APOLLO 14 HIGH-ALUMINA BASALTS- IMPLICATIONS FROM ION MICROPROBE ANALYSES.pdf,PETROGENESIS_OF_THE_APOLLO_14_HIGH-ALUMINA_BASALTS-_IMPLICATIONS_FROM_ION_MICROPROBE_ANALYSES,9,Copied from olivine-table-images-cleaned for standalone olivine-review bundle.
table-images/PETROGRAPHIC_MINERALOGIC_AND_X-RAY_FLUORESCENCE_ANALYSIS_OF_LUNAR_IGNEOUS-TYPE_ROCKS_AND_SPHERULES_Brown-PetrographicMin__p0003__b001__table.png,image,olivine-table-images-cleaned/PETROGRAPHIC_MINERALOGIC_AND_X-RAY_FLUORESCENCE_ANALYSIS_OF_LUNAR_IGNEOUS-TYPE_ROCKS_AND_SPHERULES_Brown-PetrographicMin__p0003__b001__table.png,"PETROGRAPHIC, MINERALOGIC, AND X-RAY FLUORESCENCE ANALYSIS OF LUNAR IGNEOUS-TYPE ROCKS AND SPHERULES_Brown-PetrographicMineralogicXRay-1970.pdf",PETROGRAPHIC_MINERALOGIC_AND_X-RAY_FLUORESCENCE_ANALYSIS_OF_LUNAR_IGNEOUS-TYPE_ROCKS_AND_SPHERULES_Brown-PetrographicMin,3,Copied from olivine-table-images-cleaned for standalone olivine-review bundle.
table-images/PETROGRAPHY_AND_GEOCHEMISTRY_OF_FIVE_NEW_APOLLO_16_MARE_BASALTS_AND_EVIDENCE_FOR_POST-BASIN_DEPOSITION_OF_BASALTIC_MATER__p0006__b001__table.png,image,olivine-table-images-cleaned/PETROGRAPHY_AND_GEOCHEMISTRY_OF_FIVE_NEW_APOLLO_16_MARE_BASALTS_AND_EVIDENCE_FOR_POST-BASIN_DEPOSITION_OF_BASALTIC_MATER__p0006__b001__table.png,PETROGRAPHY AND GEOCHEMISTRY OF FIVE NEW APOLLO 16 MARE BASALTS AND EVIDENCE FOR POST-BASIN DEPOSITION OF BASALTIC MATERIAL AT THE SITE.pdf,PETROGRAPHY_AND_GEOCHEMISTRY_OF_FIVE_NEW_APOLLO_16_MARE_BASALTS_AND_EVIDENCE_FOR_POST-BASIN_DEPOSITION_OF_BASALTIC_MATER,6,Copied from olivine-table-images-cleaned for standalone olivine-review bundle.
table-images/PETROLOGY_OF_THE_HIGHLANDS_MASSIFS_AT_TAURUS-LITTROW-AN_ANALYSIS_OF_THE_2-4_MM_SOIL_FRACTION_1974LPSC____5__785B__p0006__b001__table.png,image,olivine-table-images-cleaned/PETROLOGY_OF_THE_HIGHLANDS_MASSIFS_AT_TAURUS-LITTROW-AN_ANALYSIS_OF_THE_2-4_MM_SOIL_FRACTION_1974LPSC____5__785B__p0006__b001__table.png,PETROLOGY OF THE HIGHLANDS MASSIFS AT TAURUS-LITTROW-AN ANALYSIS OF THE 2-4 MM SOIL FRACTION_1974LPSC____5__785B.pdf,PETROLOGY_OF_THE_HIGHLANDS_MASSIFS_AT_TAURUS-LITTROW-AN_ANALYSIS_OF_THE_2-4_MM_SOIL_FRACTION_1974LPSC____5__785B,6,Copied from olivine-table-images-cleaned for standalone olivine-review bundle.
table-images/PETROLOGY_OF_THE_HIGHLANDS_MASSIFS_AT_TAURUS-LITTROW-AN_ANALYSIS_OF_THE_2-4_MM_SOIL_FRACTION_1974LPSC____5__785B__p0010__b001__table.png,image,olivine-table-images-cleaned/PETROLOGY_OF_THE_HIGHLANDS_MASSIFS_AT_TAURUS-LITTROW-AN_ANALYSIS_OF_THE_2-4_MM_SOIL_FRACTION_1974LPSC____5__785B__p0010__b001__table.png,PETROLOGY OF THE HIGHLANDS MASSIFS AT TAURUS-LITTROW-AN ANALYSIS OF THE 2-4 MM SOIL FRACTION_1974LPSC____5__785B.pdf,PETROLOGY_OF_THE_HIGHLANDS_MASSIFS_AT_TAURUS-LITTROW-AN_ANALYSIS_OF_THE_2-4_MM_SOIL_FRACTION_1974LPSC____5__785B,10,Copied from olivine-table-images-cleaned for standalone olivine-review bundle.
table-images/PETROLOGY_OF_THE_HIGHLANDS_MASSIFS_AT_TAURUS-LITTROW-AN_ANALYSIS_OF_THE_2-4_MM_SOIL_FRACTION_1974LPSC____5__785B__p0012__b001__table.png,image,olivine-table-images-cleaned/PETROLOGY_OF_THE_HIGHLANDS_MASSIFS_AT_TAURUS-LITTROW-AN_ANALYSIS_OF_THE_2-4_MM_SOIL_FRACTION_1974LPSC____5__785B__p0012__b001__table.png,PETROLOGY OF THE HIGHLANDS MASSIFS AT TAURUS-LITTROW-AN ANALYSIS OF THE 2-4 MM SOIL FRACTION_1974LPSC____5__785B.pdf,PETROLOGY_OF_THE_HIGHLANDS_MASSIFS_AT_TAURUS-LITTROW-AN_ANALYSIS_OF_THE_2-4_MM_SOIL_FRACTION_1974LPSC____5__785B,12,Copied from olivine-table-images-cleaned for standalone olivine-review bundle.
table-images/PETROLOGY_OF_THE_HIGHLANDS_MASSIFS_AT_TAURUS-LITTROW-AN_ANALYSIS_OF_THE_2-4_MM_SOIL_FRACTION_1974LPSC____5__785B__p0013__b001__table.png,image,olivine-table-images-cleaned/PETROLOGY_OF_THE_HIGHLANDS_MASSIFS_AT_TAURUS-LITTROW-AN_ANALYSIS_OF_THE_2-4_MM_SOIL_FRACTION_1974LPSC____5__785B__p0013__b001__table.png,PETROLOGY OF THE HIGHLANDS MASSIFS AT TAURUS-LITTROW-AN ANALYSIS OF THE 2-4 MM SOIL FRACTION_1974LPSC____5__785B.pdf,PETROLOGY_OF_THE_HIGHLANDS_MASSIFS_AT_TAURUS-LITTROW-AN_ANALYSIS_OF_THE_2-4_MM_SOIL_FRACTION_1974LPSC____5__785B,13,Copied from olivine-table-images-cleaned for standalone olivine-review bundle.
table-images/PETROLOGY_OF_THE_HIGHLANDS_MASSIFS_AT_TAURUS-LITTROW-AN_ANALYSIS_OF_THE_2-4_MM_SOIL_FRACTION_1974LPSC____5__785B__p0018__b001__table.png,image,olivine-table-images-cleaned/PETROLOGY_OF_THE_HIGHLANDS_MASSIFS_AT_TAURUS-LITTROW-AN_ANALYSIS_OF_THE_2-4_MM_SOIL_FRACTION_1974LPSC____5__785B__p0018__b001__table.png,PETROLOGY OF THE HIGHLANDS MASSIFS AT TAURUS-LITTROW-AN ANALYSIS OF THE 2-4 MM SOIL FRACTION_1974LPSC____5__785B.pdf,PETROLOGY_OF_THE_HIGHLANDS_MASSIFS_AT_TAURUS-LITTROW-AN_ANALYSIS_OF_THE_2-4_MM_SOIL_FRACTION_1974LPSC____5__785B,18,Copied from olivine-table-images-cleaned for standalone olivine-review bundle.
table-images/PETROLOGY_OF_THE_HIGHLANDS_MASSIFS_AT_TAURUS-LITTROW-AN_ANALYSIS_OF_THE_2-4_MM_SOIL_FRACTION_1974LPSC____5__785B__p0019__b001__table.png,image,olivine-table-images-cleaned/PETROLOGY_OF_THE_HIGHLANDS_MASSIFS_AT_TAURUS-LITTROW-AN_ANALYSIS_OF_THE_2-4_MM_SOIL_FRACTION_1974LPSC____5__785B__p0019__b001__table.png,PETROLOGY OF THE HIGHLANDS MASSIFS AT TAURUS-LITTROW-AN ANALYSIS OF THE 2-4 MM SOIL FRACTION_1974LPSC____5__785B.pdf,PETROLOGY_OF_THE_HIGHLANDS_MASSIFS_AT_TAURUS-LITTROW-AN_ANALYSIS_OF_THE_2-4_MM_SOIL_FRACTION_1974LPSC____5__785B,19,Copied from olivine-table-images-cleaned for standalone olivine-review bundle.
table-images/PETROLOGY_OF_THE_HIGHLANDS_MASSIFS_AT_TAURUS-LITTROW-AN_ANALYSIS_OF_THE_2-4_MM_SOIL_FRACTION_1974LPSC____5__785B__p0023__b001__table.png,image,olivine-table-images-cleaned/PETROLOGY_OF_THE_HIGHLANDS_MASSIFS_AT_TAURUS-LITTROW-AN_ANALYSIS_OF_THE_2-4_MM_SOIL_FRACTION_1974LPSC____5__785B__p0023__b001__table.png,PETROLOGY OF THE HIGHLANDS MASSIFS AT TAURUS-LITTROW-AN ANALYSIS OF THE 2-4 MM SOIL FRACTION_1974LPSC____5__785B.pdf,PETROLOGY_OF_THE_HIGHLANDS_MASSIFS_AT_TAURUS-LITTROW-AN_ANALYSIS_OF_THE_2-4_MM_SOIL_FRACTION_1974LPSC____5__785B,23,Copied from olivine-table-images-cleaned for standalone olivine-review bundle.
table-images/PETROLOGY_OF_THE_HIGHLANDS_MASSIFS_AT_TAURUS-LITTROW-AN_ANALYSIS_OF_THE_2-4_MM_SOIL_FRACTION_1974LPSC____5__785B__p0025__b001__table.png,image,olivine-table-images-cleaned/PETROLOGY_OF_THE_HIGHLANDS_MASSIFS_AT_TAURUS-LITTROW-AN_ANALYSIS_OF_THE_2-4_MM_SOIL_FRACTION_1974LPSC____5__785B__p0025__b001__table.png,PETROLOGY OF THE HIGHLANDS MASSIFS AT TAURUS-LITTROW-AN ANALYSIS OF THE 2-4 MM SOIL FRACTION_1974LPSC____5__785B.pdf,PETROLOGY_OF_THE_HIGHLANDS_MASSIFS_AT_TAURUS-LITTROW-AN_ANALYSIS_OF_THE_2-4_MM_SOIL_FRACTION_1974LPSC____5__785B,25,Copied from olivine-table-images-cleaned for standalone olivine-review bundle.
table-images/PETROLOGY_OF_THE_HIGHLANDS_MASSIFS_AT_TAURUS-LITTROW-AN_ANALYSIS_OF_THE_2-4_MM_SOIL_FRACTION_1974LPSC____5__785B__p0027__b001__table.png,image,olivine-table-images-cleaned/PETROLOGY_OF_THE_HIGHLANDS_MASSIFS_AT_TAURUS-LITTROW-AN_ANALYSIS_OF_THE_2-4_MM_SOIL_FRACTION_1974LPSC____5__785B__p0027__b001__table.png,PETROLOGY OF THE HIGHLANDS MASSIFS AT TAURUS-LITTROW-AN ANALYSIS OF THE 2-4 MM SOIL FRACTION_1974LPSC____5__785B.pdf,PETROLOGY_OF_THE_HIGHLANDS_MASSIFS_AT_TAURUS-LITTROW-AN_ANALYSIS_OF_THE_2-4_MM_SOIL_FRACTION_1974LPSC____5__785B,27,Copied from olivine-table-images-cleaned for standalone olivine-review bundle.
table-images/PETROLOGY_OF_THE_HIGHLANDS_MASSIFS_AT_TAURUS-LITTROW-AN_ANALYSIS_OF_THE_2-4_MM_SOIL_FRACTION_1974LPSC____5__785B__p0034__b001__table.png,image,olivine-table-images-cleaned/PETROLOGY_OF_THE_HIGHLANDS_MASSIFS_AT_TAURUS-LITTROW-AN_ANALYSIS_OF_THE_2-4_MM_SOIL_FRACTION_1974LPSC____5__785B__p0034__b001__table.png,PETROLOGY OF THE HIGHLANDS MASSIFS AT TAURUS-LITTROW-AN ANALYSIS OF THE 2-4 MM SOIL FRACTION_1974LPSC____5__785B.pdf,PETROLOGY_OF_THE_HIGHLANDS_MASSIFS_AT_TAURUS-LITTROW-AN_ANALYSIS_OF_THE_2-4_MM_SOIL_FRACTION_1974LPSC____5__785B,34,Copied from olivine-table-images-cleaned for standalone olivine-review bundle.
table-images/PICRITE_BASALTS_FERROBASALTS_FELDSPATHIC_NORITES_AND_RHYOLITES_IN_A_STRONGLY_FRACTIONATED_LUNAR_CRUST-1971LPSC____2__583__p0004__b001__table.png,image,olivine-table-images-cleaned/PICRITE_BASALTS_FERROBASALTS_FELDSPATHIC_NORITES_AND_RHYOLITES_IN_A_STRONGLY_FRACTIONATED_LUNAR_CRUST-1971LPSC____2__583__p0004__b001__table.png,"PICRITE BASALTS, FERROBASALTS, FELDSPATHIC NORITES AND RHYOLITES IN A STRONGLY FRACTIONATED LUNAR CRUST-1971LPSC____2__583B.pdf",PICRITE_BASALTS_FERROBASALTS_FELDSPATHIC_NORITES_AND_RHYOLITES_IN_A_STRONGLY_FRACTIONATED_LUNAR_CRUST-1971LPSC____2__583,4,Copied from olivine-table-images-cleaned for standalone olivine-review bundle.
table-images/PRE-4.2_AE_MARE-BASALT_VOLCANISM_IN_THE_LUNAR_HIGHLANDS_1-s2.0-0012821X83901243-main__p0005__b001__table.png,image,olivine-table-images-cleaned/PRE-4.2_AE_MARE-BASALT_VOLCANISM_IN_THE_LUNAR_HIGHLANDS_1-s2.0-0012821X83901243-main__p0005__b001__table.png,PRE-4.2 AE MARE-BASALT VOLCANISM IN THE LUNAR HIGHLANDS_1-s2.0-0012821X83901243-main.pdf,PRE-4.2_AE_MARE-BASALT_VOLCANISM_IN_THE_LUNAR_HIGHLANDS_1-s2.0-0012821X83901243-main,5,Copied from olivine-table-images-cleaned for standalone olivine-review bundle.
table-images/Petrographic_features_and_petrologic_significance_of_melt_inclusions_in_Apollo_14_and_15_rocks_1972LPSC____3__251R__p0003__b001__table.png,image,olivine-table-images-cleaned/Petrographic_features_and_petrologic_significance_of_melt_inclusions_in_Apollo_14_and_15_rocks_1972LPSC____3__251R__p0003__b001__table.png,Petrographic features and petrologic significance of melt inclusions in Apollo 14 and 15 rocks_1972LPSC____3__251R.pdf,Petrographic_features_and_petrologic_significance_of_melt_inclusions_in_Apollo_14_and_15_rocks_1972LPSC____3__251R,3,Copied from olivine-table-images-cleaned for standalone olivine-review bundle.
table-images/Petrographic_features_and_petrologic_significance_of_melt_inclusions_in_Apollo_14_and_15_rocks_1972LPSC____3__251R__p0003__b002__table.png,image,olivine-table-images-cleaned/Petrographic_features_and_petrologic_significance_of_melt_inclusions_in_Apollo_14_and_15_rocks_1972LPSC____3__251R__p0003__b002__table.png,Petrographic features and petrologic significance of melt inclusions in Apollo 14 and 15 rocks_1972LPSC____3__251R.pdf,Petrographic_features_and_petrologic_significance_of_melt_inclusions_in_Apollo_14_and_15_rocks_1972LPSC____3__251R,3,Copied from olivine-table-images-cleaned for standalone olivine-review bundle.
table-images/Petrographic_features_and_petrologic_significance_of_melt_inclusions_in_Apollo_14_and_15_rocks_1972LPSC____3__251R__p0013__b001__table.png,image,olivine-table-images-cleaned/Petrographic_features_and_petrologic_significance_of_melt_inclusions_in_Apollo_14_and_15_rocks_1972LPSC____3__251R__p0013__b001__table.png,Petrographic features and petrologic significance of melt inclusions in Apollo 14 and 15 rocks_1972LPSC____3__251R.pdf,Petrographic_features_and_petrologic_significance_of_melt_inclusions_in_Apollo_14_and_15_rocks_1972LPSC____3__251R,13,Copied from olivine-table-images-cleaned for standalone olivine-review bundle.
table-images/Petrographic_features_and_petrologic_significance_of_melt_inclusions_in_Apollo_14_and_15_rocks_1972LPSC____3__251R__p0019__b001__table.png,image,olivine-table-images-cleaned/Petrographic_features_and_petrologic_significance_of_melt_inclusions_in_Apollo_14_and_15_rocks_1972LPSC____3__251R__p0019__b001__table.png,Petrographic features and petrologic significance of melt inclusions in Apollo 14 and 15 rocks_1972LPSC____3__251R.pdf,Petrographic_features_and_petrologic_significance_of_melt_inclusions_in_Apollo_14_and_15_rocks_1972LPSC____3__251R,19,Copied from olivine-table-images-cleaned for standalone olivine-review bundle.
table-images/Petrographic_features_and_petrologic_significance_of_melt_inclusions_in_Apollo_14_and_15_rocks_1972LPSC____3__251R__p0019__b002__table.png,image,olivine-table-images-cleaned/Petrographic_features_and_petrologic_significance_of_melt_inclusions_in_Apollo_14_and_15_rocks_1972LPSC____3__251R__p0019__b002__table.png,Petrographic features and petrologic significance of melt inclusions in Apollo 14 and 15 rocks_1972LPSC____3__251R.pdf,Petrographic_features_and_petrologic_significance_of_melt_inclusions_in_Apollo_14_and_15_rocks_1972LPSC____3__251R,19,Copied from olivine-table-images-cleaned for standalone olivine-review bundle.
table-images/Petrography_and_crystallization_history_of_basalts_14310_and_14072_1972LPSC____3__131L__p0002__b001__table.png,image,olivine-table-images-cleaned/Petrography_and_crystallization_history_of_basalts_14310_and_14072_1972LPSC____3__131L__p0002__b001__table.png,Petrography and crystallization history of basalts 14310 and 14072_1972LPSC____3__131L.pdf,Petrography_and_crystallization_history_of_basalts_14310_and_14072_1972LPSC____3__131L,2,Copied from olivine-table-images-cleaned for standalone olivine-review bundle.
table-images/Petrologic_and_mineralogic_investigation_of_some_crystalline_rocks_returned_by_the_Apollo_14_mission_1-s2.0-0012821X7190__p0003__b001__table.png,image,olivine-table-images-cleaned/Petrologic_and_mineralogic_investigation_of_some_crystalline_rocks_returned_by_the_Apollo_14_mission_1-s2.0-0012821X7190__p0003__b001__table.png,Petrologic and mineralogic investigation of some crystalline rocks returned by the Apollo 14 mission_1-s2.0-0012821X71900501-main.pdf,Petrologic_and_mineralogic_investigation_of_some_crystalline_rocks_returned_by_the_Apollo_14_mission_1-s2.0-0012821X7190,3,Copied from olivine-table-images-cleaned for standalone olivine-review bundle.
table-images/Petrologic_and_mineralogic_investigation_of_some_crystalline_rocks_returned_by_the_Apollo_14_mission_1-s2.0-0012821X7190__p0006__b002__table.png,image,olivine-table-images-cleaned/Petrologic_and_mineralogic_investigation_of_some_crystalline_rocks_returned_by_the_Apollo_14_mission_1-s2.0-0012821X7190__p0006__b002__table.png,Petrologic and mineralogic investigation of some crystalline rocks returned by the Apollo 14 mission_1-s2.0-0012821X71900501-main.pdf,Petrologic_and_mineralogic_investigation_of_some_crystalline_rocks_returned_by_the_Apollo_14_mission_1-s2.0-0012821X7190,6,Copied from olivine-table-images-cleaned for standalone olivine-review bundle.
table-images/Petrologic_and_mineralogic_investigation_of_some_crystalline_rocks_returned_by_the_Apollo_14_mission_1-s2.0-0012821X7190__p0008__b002__table.png,image,olivine-table-images-cleaned/Petrologic_and_mineralogic_investigation_of_some_crystalline_rocks_returned_by_the_Apollo_14_mission_1-s2.0-0012821X7190__p0008__b002__table.png,Petrologic and mineralogic investigation of some crystalline rocks returned by the Apollo 14 mission_1-s2.0-0012821X71900501-main.pdf,Petrologic_and_mineralogic_investigation_of_some_crystalline_rocks_returned_by_the_Apollo_14_mission_1-s2.0-0012821X7190,8,Copied from olivine-table-images-cleaned for standalone olivine-review bundle.
table-images/Petrological_and_thermal_histories_of_a_lunar__p0008__b003__table.png,image,olivine-table-images-cleaned/Petrological_and_thermal_histories_of_a_lunar__p0008__b003__table.png,Petrological and thermal histories of a lunar.pdf,Petrological_and_thermal_histories_of_a_lunar,8,Copied from olivine-table-images-cleaned for standalone olivine-review bundle.
table-images/Petrology_and_comparative_thermal_and_mechanical__p0012__b001__table.png,image,olivine-table-images-cleaned/Petrology_and_comparative_thermal_and_mechanical__p0012__b001__table.png,Petrology and comparative thermal and mechanical.pdf,Petrology_and_comparative_thermal_and_mechanical,12,Copied from olivine-table-images-cleaned for standalone olivine-review bundle.
table-images/Petrology_and_origin_of_Boulders_no._2_and_no._3_Apollo_17_Station_2_1976LPSC____7_2335D__p0009__b001__table.png,image,olivine-table-images-cleaned/Petrology_and_origin_of_Boulders_no._2_and_no._3_Apollo_17_Station_2_1976LPSC____7_2335D__p0009__b001__table.png,"Petrology and origin of Boulders no. 2 and no. 3, Apollo 17 Station 2_1976LPSC____7_2335D.pdf",Petrology_and_origin_of_Boulders_no._2_and_no._3_Apollo_17_Station_2_1976LPSC____7_2335D,9,Copied from olivine-table-images-cleaned for standalone olivine-review bundle.
table-images/Petrology_and_origin_of_Boulders_no._2_and_no._3_Apollo_17_Station_2_1976LPSC____7_2335D__p0011__b001__table.png,image,olivine-table-images-cleaned/Petrology_and_origin_of_Boulders_no._2_and_no._3_Apollo_17_Station_2_1976LPSC____7_2335D__p0011__b001__table.png,"Petrology and origin of Boulders no. 2 and no. 3, Apollo 17 Station 2_1976LPSC____7_2335D.pdf",Petrology_and_origin_of_Boulders_no._2_and_no._3_Apollo_17_Station_2_1976LPSC____7_2335D,11,Copied from olivine-table-images-cleaned for standalone olivine-review bundle.
table-images/Petrology_and_precursors_of_lithic_clasts_from__p0004__b001__table.png,image,olivine-table-images-cleaned/Petrology_and_precursors_of_lithic_clasts_from__p0004__b001__table.png,Petrology and precursors of lithic clasts from.pdf,Petrology_and_precursors_of_lithic_clasts_from,4,Copied from olivine-table-images-cleaned for standalone olivine-review bundle.
table-images/Petrology_and_precursors_of_lithic_clasts_from__p0009__b001__table.png,image,olivine-table-images-cleaned/Petrology_and_precursors_of_lithic_clasts_from__p0009__b001__table.png,Petrology and precursors of lithic clasts from.pdf,Petrology_and_precursors_of_lithic_clasts_from,9,Copied from olivine-table-images-cleaned for standalone olivine-review bundle.
table-images/Petrology_of_the_Apollo_11_Highland_Component__p0027__b001__table.png,image,olivine-table-images-cleaned/Petrology_of_the_Apollo_11_Highland_Component__p0027__b001__table.png,Petrology of the Apollo 11 Highland Component.pdf,Petrology_of_the_Apollo_11_Highland_Component,27,Copied from olivine-table-images-cleaned for standalone olivine-review bundle.
table-images/Petrology_of_the_Apollo_11_Highland_Component__p0029__b001__table.png,image,olivine-table-images-cleaned/Petrology_of_the_Apollo_11_Highland_Component__p0029__b001__table.png,Petrology of the Apollo 11 Highland Component.pdf,Petrology_of_the_Apollo_11_Highland_Component,29,Copied from olivine-table-images-cleaned for standalone olivine-review bundle.
table-images/Petrology_of_the_Apollo_11_Highland_Component__p0030__b001__table.png,image,olivine-table-images-cleaned/Petrology_of_the_Apollo_11_Highland_Component__p0030__b001__table.png,Petrology of the Apollo 11 Highland Component.pdf,Petrology_of_the_Apollo_11_Highland_Component,30,Copied from olivine-table-images-cleaned for standalone olivine-review bundle.
table-images/Pristine_Moon_rocks_A_large_felsite_and_a__p0005__b002__table.png,image,olivine-table-images-cleaned/Pristine_Moon_rocks_A_large_felsite_and_a__p0005__b002__table.png,Pristine Moon rocks A large felsite and a.pdf,Pristine_Moon_rocks_A_large_felsite_and_a,5,Copied from olivine-table-images-cleaned for standalone olivine-review bundle.
table-images/Pristine_highland_clasts_in_Consortium_Breccia__p0002__b001__table.png,image,olivine-table-images-cleaned/Pristine_highland_clasts_in_Consortium_Breccia__p0002__b001__table.png,Pristine highland clasts in Consortium Breccia.pdf,Pristine_highland_clasts_in_Consortium_Breccia,2,Copied from olivine-table-images-cleaned for standalone olivine-review bundle.
table-images/Pristine_highland_clasts_in_Consortium_Breccia__p0004__b001__table.png,image,olivine-table-images-cleaned/Pristine_highland_clasts_in_Consortium_Breccia__p0004__b001__table.png,Pristine highland clasts in Consortium Breccia.pdf,Pristine_highland_clasts_in_Consortium_Breccia,4,Copied from olivine-table-images-cleaned for standalone olivine-review bundle.
table-images/Pristine_highland_clasts_in_Consortium_Breccia__p0005__b001__table.png,image,olivine-table-images-cleaned/Pristine_highland_clasts_in_Consortium_Breccia__p0005__b001__table.png,Pristine highland clasts in Consortium Breccia.pdf,Pristine_highland_clasts_in_Consortium_Breccia,5,Copied from olivine-table-images-cleaned for standalone olivine-review bundle.
table-images/RADIOANALYTICAL_DETERMINATION_OF_ELEMENTAL_COMPOSITIONS_OF_LUNAR_SAMPLES_1971LPSC____2_1291V__p0004__b001__table.png,image,olivine-table-images-cleaned/RADIOANALYTICAL_DETERMINATION_OF_ELEMENTAL_COMPOSITIONS_OF_LUNAR_SAMPLES_1971LPSC____2_1291V__p0004__b001__table.png,RADIOANALYTICAL DETERMINATION OF ELEMENTAL COMPOSITIONS OF LUNAR SAMPLES_1971LPSC____2_1291V.pdf,RADIOANALYTICAL_DETERMINATION_OF_ELEMENTAL_COMPOSITIONS_OF_LUNAR_SAMPLES_1971LPSC____2_1291V,4,Copied from olivine-table-images-cleaned for standalone olivine-review bundle.
table-images/RADIOANALYTICAL_DETERMINATION_OF_ELEMENTAL_COMPOSITIONS_OF_LUNAR_SAMPLES_1971LPSC____2_1291V__p0007__b001__table.png,image,olivine-table-images-cleaned/RADIOANALYTICAL_DETERMINATION_OF_ELEMENTAL_COMPOSITIONS_OF_LUNAR_SAMPLES_1971LPSC____2_1291V__p0007__b001__table.png,RADIOANALYTICAL DETERMINATION OF ELEMENTAL COMPOSITIONS OF LUNAR SAMPLES_1971LPSC____2_1291V.pdf,RADIOANALYTICAL_DETERMINATION_OF_ELEMENTAL_COMPOSITIONS_OF_LUNAR_SAMPLES_1971LPSC____2_1291V,7,Copied from olivine-table-images-cleaned for standalone olivine-review bundle.
table-images/RADIOANALYTICAL_DETERMINATION_OF_ELEMENTAL_COMPOSITIONS_OF_LUNAR_SAMPLES_1971LPSC____2_1291V__p0009__b001__table.png,image,olivine-table-images-cleaned/RADIOANALYTICAL_DETERMINATION_OF_ELEMENTAL_COMPOSITIONS_OF_LUNAR_SAMPLES_1971LPSC____2_1291V__p0009__b001__table.png,RADIOANALYTICAL DETERMINATION OF ELEMENTAL COMPOSITIONS OF LUNAR SAMPLES_1971LPSC____2_1291V.pdf,RADIOANALYTICAL_DETERMINATION_OF_ELEMENTAL_COMPOSITIONS_OF_LUNAR_SAMPLES_1971LPSC____2_1291V,9,Copied from olivine-table-images-cleaned for standalone olivine-review bundle.
table-images/SPINEL_TROCTOLITE_AND_ANORTHOSITE_IN_APOLLO_16_SAMPLES_Prinz-SpinelTroctoliteAnorthosite-1973__p0003__b001__table.png,image,olivine-table-images-cleaned/SPINEL_TROCTOLITE_AND_ANORTHOSITE_IN_APOLLO_16_SAMPLES_Prinz-SpinelTroctoliteAnorthosite-1973__p0003__b001__table.png,SPINEL TROCTOLITE AND ANORTHOSITE IN APOLLO 16 SAMPLES_Prinz-SpinelTroctoliteAnorthosite-1973.pdf,SPINEL_TROCTOLITE_AND_ANORTHOSITE_IN_APOLLO_16_SAMPLES_Prinz-SpinelTroctoliteAnorthosite-1973,3,Copied from olivine-table-images-cleaned for standalone olivine-review bundle.
table-images/SPINEL_TROCTOLITE_AND_ANORTHOSITE_IN_APOLLO_16_SAMPLES_Prinz-SpinelTroctoliteAnorthosite-1973__p0003__b002__table.png,image,olivine-table-images-cleaned/SPINEL_TROCTOLITE_AND_ANORTHOSITE_IN_APOLLO_16_SAMPLES_Prinz-SpinelTroctoliteAnorthosite-1973__p0003__b002__table.png,SPINEL TROCTOLITE AND ANORTHOSITE IN APOLLO 16 SAMPLES_Prinz-SpinelTroctoliteAnorthosite-1973.pdf,SPINEL_TROCTOLITE_AND_ANORTHOSITE_IN_APOLLO_16_SAMPLES_Prinz-SpinelTroctoliteAnorthosite-1973,3,Copied from olivine-table-images-cleaned for standalone olivine-review bundle.
table-images/Silicate_melt_inclusions_and_glasses_in_lunar_soil_fragments_from_the_Luna_16_core_sample_1-s2.0-0012821X72901033-main__p0003__b002__table.png,image,olivine-table-images-cleaned/Silicate_melt_inclusions_and_glasses_in_lunar_soil_fragments_from_the_Luna_16_core_sample_1-s2.0-0012821X72901033-main__p0003__b002__table.png,Silicate melt inclusions and glasses in lunar soil fragments from the Luna 16 core sample_1-s2.0-0012821X72901033-main.pdf,Silicate_melt_inclusions_and_glasses_in_lunar_soil_fragments_from_the_Luna_16_core_sample_1-s2.0-0012821X72901033-main,3,Copied from olivine-table-images-cleaned for standalone olivine-review bundle.
table-images/Silicate_melt_inclusions_and_glasses_in_lunar_soil_fragments_from_the_Luna_16_core_sample_1-s2.0-0012821X72901033-main__p0004__b001__table.png,image,olivine-table-images-cleaned/Silicate_melt_inclusions_and_glasses_in_lunar_soil_fragments_from_the_Luna_16_core_sample_1-s2.0-0012821X72901033-main__p0004__b001__table.png,Silicate melt inclusions and glasses in lunar soil fragments from the Luna 16 core sample_1-s2.0-0012821X72901033-main.pdf,Silicate_melt_inclusions_and_glasses_in_lunar_soil_fragments_from_the_Luna_16_core_sample_1-s2.0-0012821X72901033-main,4,Copied from olivine-table-images-cleaned for standalone olivine-review bundle.
table-images/Silicate_melt_inclusions_and_glasses_in_lunar_soil_fragments_from_the_Luna_16_core_sample_1-s2.0-0012821X72901033-main__p0011__b001__table.png,image,olivine-table-images-cleaned/Silicate_melt_inclusions_and_glasses_in_lunar_soil_fragments_from_the_Luna_16_core_sample_1-s2.0-0012821X72901033-main__p0011__b001__table.png,Silicate melt inclusions and glasses in lunar soil fragments from the Luna 16 core sample_1-s2.0-0012821X72901033-main.pdf,Silicate_melt_inclusions_and_glasses_in_lunar_soil_fragments_from_the_Luna_16_core_sample_1-s2.0-0012821X72901033-main,11,Copied from olivine-table-images-cleaned for standalone olivine-review bundle.
table-images/THE_IMPORTANCE_OF_LUNAR_GRANITE_AND_KREEP_IN_VERY_HIGH_POTASSIUM_VHK_BASALT_PETROGENESIS_1988LPSC___18__121N__p0002__b002__table.png,image,olivine-table-images-cleaned/THE_IMPORTANCE_OF_LUNAR_GRANITE_AND_KREEP_IN_VERY_HIGH_POTASSIUM_VHK_BASALT_PETROGENESIS_1988LPSC___18__121N__p0002__b002__table.png,THE IMPORTANCE OF LUNAR GRANITE AND KREEP IN VERY HIGH POTASSIUM (VHK) BASALT PETROGENESIS_1988LPSC___18__121N.pdf,THE_IMPORTANCE_OF_LUNAR_GRANITE_AND_KREEP_IN_VERY_HIGH_POTASSIUM_VHK_BASALT_PETROGENESIS_1988LPSC___18__121N,2,Copied from olivine-table-images-cleaned for standalone olivine-review bundle.
table-images/THE_IMPORTANCE_OF_LUNAR_GRANITE_AND_KREEP_IN_VERY_HIGH_POTASSIUM_VHK_BASALT_PETROGENESIS_1988LPSC___18__121N__p0004__b001__table.png,image,olivine-table-images-cleaned/THE_IMPORTANCE_OF_LUNAR_GRANITE_AND_KREEP_IN_VERY_HIGH_POTASSIUM_VHK_BASALT_PETROGENESIS_1988LPSC___18__121N__p0004__b001__table.png,THE IMPORTANCE OF LUNAR GRANITE AND KREEP IN VERY HIGH POTASSIUM (VHK) BASALT PETROGENESIS_1988LPSC___18__121N.pdf,THE_IMPORTANCE_OF_LUNAR_GRANITE_AND_KREEP_IN_VERY_HIGH_POTASSIUM_VHK_BASALT_PETROGENESIS_1988LPSC___18__121N,4,Copied from olivine-table-images-cleaned for standalone olivine-review bundle.
table-images/THE_IMPORTANCE_OF_LUNAR_GRANITE_AND_KREEP_IN_VERY_HIGH_POTASSIUM_VHK_BASALT_PETROGENESIS_1988LPSC___18__121N__p0009__b001__table.png,image,olivine-table-images-cleaned/THE_IMPORTANCE_OF_LUNAR_GRANITE_AND_KREEP_IN_VERY_HIGH_POTASSIUM_VHK_BASALT_PETROGENESIS_1988LPSC___18__121N__p0009__b001__table.png,THE IMPORTANCE OF LUNAR GRANITE AND KREEP IN VERY HIGH POTASSIUM (VHK) BASALT PETROGENESIS_1988LPSC___18__121N.pdf,THE_IMPORTANCE_OF_LUNAR_GRANITE_AND_KREEP_IN_VERY_HIGH_POTASSIUM_VHK_BASALT_PETROGENESIS_1988LPSC___18__121N,9,Copied from olivine-table-images-cleaned for standalone olivine-review bundle.
table-images/THE_PETROLOGY_AND_CHEMISTRY_OF_BASALTIC_FRAGMENTS_FROM_THE_APOLLO_11_SOIL_PART_1.__1979LPSC___10___41B__p0009__b001__table.png,image,olivine-table-images-cleaned/THE_PETROLOGY_AND_CHEMISTRY_OF_BASALTIC_FRAGMENTS_FROM_THE_APOLLO_11_SOIL_PART_1.__1979LPSC___10___41B__p0009__b001__table.png,"THE PETROLOGY AND CHEMISTRY OF BASALTIC FRAGMENTS FROM THE APOLLO 11 SOIL, PART 1. _1979LPSC___10___41B.pdf",THE_PETROLOGY_AND_CHEMISTRY_OF_BASALTIC_FRAGMENTS_FROM_THE_APOLLO_11_SOIL_PART_1.__1979LPSC___10___41B,9,Copied from olivine-table-images-cleaned for standalone olivine-review bundle.
table-images/THE_PETROLOGY_AND_CHEMISTRY_OF_BASALTIC_FRAGMENTS_FROM_THE_APOLLO_11_SOIL_PART_1.__1979LPSC___10___41B__p0012__b001__table.png,image,olivine-table-images-cleaned/THE_PETROLOGY_AND_CHEMISTRY_OF_BASALTIC_FRAGMENTS_FROM_THE_APOLLO_11_SOIL_PART_1.__1979LPSC___10___41B__p0012__b001__table.png,"THE PETROLOGY AND CHEMISTRY OF BASALTIC FRAGMENTS FROM THE APOLLO 11 SOIL, PART 1. _1979LPSC___10___41B.pdf",THE_PETROLOGY_AND_CHEMISTRY_OF_BASALTIC_FRAGMENTS_FROM_THE_APOLLO_11_SOIL_PART_1.__1979LPSC___10___41B,12,Copied from olivine-table-images-cleaned for standalone olivine-review bundle.
table-images/THE_PETROLOGY_AND_CHEMISTRY_OF_BASALTIC_FRAGMENTS_FROM_THE_APOLLO_11_SOIL_PART_1.__1979LPSC___10___41B__p0024__b001__table.png,image,olivine-table-images-cleaned/THE_PETROLOGY_AND_CHEMISTRY_OF_BASALTIC_FRAGMENTS_FROM_THE_APOLLO_11_SOIL_PART_1.__1979LPSC___10___41B__p0024__b001__table.png,"THE PETROLOGY AND CHEMISTRY OF BASALTIC FRAGMENTS FROM THE APOLLO 11 SOIL, PART 1. _1979LPSC___10___41B.pdf",THE_PETROLOGY_AND_CHEMISTRY_OF_BASALTIC_FRAGMENTS_FROM_THE_APOLLO_11_SOIL_PART_1.__1979LPSC___10___41B,24,Copied from olivine-table-images-cleaned for standalone olivine-review bundle.
table-images/THE_PETROLOGY_AND_CHEMISTRY_OF_BASALTIC_FRAGMENTS_FROM_THE_APOLLO_11_SOIL_PART_1.__1979LPSC___10___41B__p0025__b001__table.png,image,olivine-table-images-cleaned/THE_PETROLOGY_AND_CHEMISTRY_OF_BASALTIC_FRAGMENTS_FROM_THE_APOLLO_11_SOIL_PART_1.__1979LPSC___10___41B__p0025__b001__table.png,"THE PETROLOGY AND CHEMISTRY OF BASALTIC FRAGMENTS FROM THE APOLLO 11 SOIL, PART 1. _1979LPSC___10___41B.pdf",THE_PETROLOGY_AND_CHEMISTRY_OF_BASALTIC_FRAGMENTS_FROM_THE_APOLLO_11_SOIL_PART_1.__1979LPSC___10___41B,25,Copied from olivine-table-images-cleaned for standalone olivine-review bundle.
table-images/THE_PETROLOGY_OF_THE_APOLLO_12_PIGEONITE_BASALT_SUITE_1979LPSC___10__141B__p0006__b001__table.png,image,olivine-table-images-cleaned/THE_PETROLOGY_OF_THE_APOLLO_12_PIGEONITE_BASALT_SUITE_1979LPSC___10__141B__p0006__b001__table.png,THE PETROLOGY OF THE APOLLO 12 PIGEONITE BASALT SUITE_1979LPSC___10__141B.pdf,THE_PETROLOGY_OF_THE_APOLLO_12_PIGEONITE_BASALT_SUITE_1979LPSC___10__141B,6,Copied from olivine-table-images-cleaned for standalone olivine-review bundle.
table-images/THE_PETROLOGY_OF_THE_APOLLO_12_PIGEONITE_BASALT_SUITE_1979LPSC___10__141B__p0007__b001__table.png,image,olivine-table-images-cleaned/THE_PETROLOGY_OF_THE_APOLLO_12_PIGEONITE_BASALT_SUITE_1979LPSC___10__141B__p0007__b001__table.png,THE PETROLOGY OF THE APOLLO 12 PIGEONITE BASALT SUITE_1979LPSC___10__141B.pdf,THE_PETROLOGY_OF_THE_APOLLO_12_PIGEONITE_BASALT_SUITE_1979LPSC___10__141B,7,Copied from olivine-table-images-cleaned for standalone olivine-review bundle.
table-images/THE_PETROLOGY_OF_THE_APOLLO_12_PIGEONITE_BASALT_SUITE_1979LPSC___10__141B__p0010__b001__table.png,image,olivine-table-images-cleaned/THE_PETROLOGY_OF_THE_APOLLO_12_PIGEONITE_BASALT_SUITE_1979LPSC___10__141B__p0010__b001__table.png,THE PETROLOGY OF THE APOLLO 12 PIGEONITE BASALT SUITE_1979LPSC___10__141B.pdf,THE_PETROLOGY_OF_THE_APOLLO_12_PIGEONITE_BASALT_SUITE_1979LPSC___10__141B,10,Copied from olivine-table-images-cleaned for standalone olivine-review bundle.
table-images/THE_PETROLOGY_OF_THE_APOLLO_12_PIGEONITE_BASALT_SUITE_1979LPSC___10__141B__p0011__b001__table.png,image,olivine-table-images-cleaned/THE_PETROLOGY_OF_THE_APOLLO_12_PIGEONITE_BASALT_SUITE_1979LPSC___10__141B__p0011__b001__table.png,THE PETROLOGY OF THE APOLLO 12 PIGEONITE BASALT SUITE_1979LPSC___10__141B.pdf,THE_PETROLOGY_OF_THE_APOLLO_12_PIGEONITE_BASALT_SUITE_1979LPSC___10__141B,11,Copied from olivine-table-images-cleaned for standalone olivine-review bundle.
table-images/THE_PETROLOGY_OF_THE_APOLLO_12_PIGEONITE_BASALT_SUITE_1979LPSC___10__141B__p0015__b001__table.png,image,olivine-table-images-cleaned/THE_PETROLOGY_OF_THE_APOLLO_12_PIGEONITE_BASALT_SUITE_1979LPSC___10__141B__p0015__b001__table.png,THE PETROLOGY OF THE APOLLO 12 PIGEONITE BASALT SUITE_1979LPSC___10__141B.pdf,THE_PETROLOGY_OF_THE_APOLLO_12_PIGEONITE_BASALT_SUITE_1979LPSC___10__141B,15,Copied from olivine-table-images-cleaned for standalone olivine-review bundle.
table-images/THE_PETROLOGY_OF_THE_APOLLO_12_PIGEONITE_BASALT_SUITE_1979LPSC___10__141B__p0020__b001__table.png,image,olivine-table-images-cleaned/THE_PETROLOGY_OF_THE_APOLLO_12_PIGEONITE_BASALT_SUITE_1979LPSC___10__141B__p0020__b001__table.png,THE PETROLOGY OF THE APOLLO 12 PIGEONITE BASALT SUITE_1979LPSC___10__141B.pdf,THE_PETROLOGY_OF_THE_APOLLO_12_PIGEONITE_BASALT_SUITE_1979LPSC___10__141B,20,Copied from olivine-table-images-cleaned for standalone olivine-review bundle.
table-images/THE_PETROLOGY_OF_THE_APOLLO_12_PIGEONITE_BASALT_SUITE_1979LPSC___10__141B__p0026__b001__table.png,image,olivine-table-images-cleaned/THE_PETROLOGY_OF_THE_APOLLO_12_PIGEONITE_BASALT_SUITE_1979LPSC___10__141B__p0026__b001__table.png,THE PETROLOGY OF THE APOLLO 12 PIGEONITE BASALT SUITE_1979LPSC___10__141B.pdf,THE_PETROLOGY_OF_THE_APOLLO_12_PIGEONITE_BASALT_SUITE_1979LPSC___10__141B,26,Copied from olivine-table-images-cleaned for standalone olivine-review bundle.
table-images/THE_PETROLOGY_OF_THE_APOLLO_12_PIGEONITE_BASALT_SUITE_1979LPSC___10__141B__p0028__b001__table.png,image,olivine-table-images-cleaned/THE_PETROLOGY_OF_THE_APOLLO_12_PIGEONITE_BASALT_SUITE_1979LPSC___10__141B__p0028__b001__table.png,THE PETROLOGY OF THE APOLLO 12 PIGEONITE BASALT SUITE_1979LPSC___10__141B.pdf,THE_PETROLOGY_OF_THE_APOLLO_12_PIGEONITE_BASALT_SUITE_1979LPSC___10__141B,28,Copied from olivine-table-images-cleaned for standalone olivine-review bundle.
table-images/THE_PROBLEM_OF_THE_ORIGIN_OF_SYMPLECTITES_IN_OLIVINE-BEARING_LUNAR_ROCKS_1975LPSC____6__231B__p0011__b001__table.png,image,olivine-table-images-cleaned/THE_PROBLEM_OF_THE_ORIGIN_OF_SYMPLECTITES_IN_OLIVINE-BEARING_LUNAR_ROCKS_1975LPSC____6__231B__p0011__b001__table.png,THE PROBLEM OF THE ORIGIN OF SYMPLECTITES IN OLIVINE-BEARING LUNAR ROCKS_1975LPSC____6__231B.pdf,THE_PROBLEM_OF_THE_ORIGIN_OF_SYMPLECTITES_IN_OLIVINE-BEARING_LUNAR_ROCKS_1975LPSC____6__231B,11,Copied from olivine-table-images-cleaned for standalone olivine-review bundle.
table-images/THE_PROBLEM_OF_THE_ORIGIN_OF_SYMPLECTITES_IN_OLIVINE-BEARING_LUNAR_ROCKS_1975LPSC____6__231B__p0013__b001__table.png,image,olivine-table-images-cleaned/THE_PROBLEM_OF_THE_ORIGIN_OF_SYMPLECTITES_IN_OLIVINE-BEARING_LUNAR_ROCKS_1975LPSC____6__231B__p0013__b001__table.png,THE PROBLEM OF THE ORIGIN OF SYMPLECTITES IN OLIVINE-BEARING LUNAR ROCKS_1975LPSC____6__231B.pdf,THE_PROBLEM_OF_THE_ORIGIN_OF_SYMPLECTITES_IN_OLIVINE-BEARING_LUNAR_ROCKS_1975LPSC____6__231B,13,Copied from olivine-table-images-cleaned for standalone olivine-review bundle.
table-images/Very_high_potassium_VHK_basalt__p0005__b001__table.png,image,olivine-table-images-cleaned/Very_high_potassium_VHK_basalt__p0005__b001__table.png,Very high potassium VHK basalt .pdf,Very_high_potassium_VHK_basalt,5,Copied from olivine-table-images-cleaned for standalone olivine-review bundle.
table-images/Very_low_TI__VLT__basalts_-_A_new_mare_rock_type_from_the_Apollo_17_drill_core_1977LPSC____8_1443V__p0008__b001__table.png,image,olivine-table-images-cleaned/Very_low_TI__VLT__basalts_-_A_new_mare_rock_type_from_the_Apollo_17_drill_core_1977LPSC____8_1443V__p0008__b001__table.png,Very low TI _VLT_ basalts - A new mare rock type from the Apollo 17 drill core_1977LPSC____8_1443V.pdf,Very_low_TI__VLT__basalts_-_A_new_mare_rock_type_from_the_Apollo_17_drill_core_1977LPSC____8_1443V,8,Copied from olivine-table-images-cleaned for standalone olivine-review bundle.
table-images/Very_low_TI__VLT__basalts_-_A_new_mare_rock_type_from_the_Apollo_17_drill_core_1977LPSC____8_1443V__p0017__b001__table.png,image,olivine-table-images-cleaned/Very_low_TI__VLT__basalts_-_A_new_mare_rock_type_from_the_Apollo_17_drill_core_1977LPSC____8_1443V__p0017__b001__table.png,Very low TI _VLT_ basalts - A new mare rock type from the Apollo 17 drill core_1977LPSC____8_1443V.pdf,Very_low_TI__VLT__basalts_-_A_new_mare_rock_type_from_the_Apollo_17_drill_core_1977LPSC____8_1443V,17,Copied from olivine-table-images-cleaned for standalone olivine-review bundle.
excluded-publications/A15SampleCat_1.pdf,pdf,lunar_olivine_visual_assets_bundle/pdfs/A15SampleCat_1.pdf,A15SampleCat_1.pdf,,,Copied because no cleaned table image for this publication was present.
excluded-publications/Early solar system timescales according to 53 Mn- 53 Cr systematics.pdf,pdf,lunar_olivine_visual_assets_bundle/pdfs/Early solar system timescales according to 53 Mn- 53 Cr systematics.pdf,Early solar system timescales according to 53 Mn- 53 Cr systematics.pdf,,,Copied because no cleaned table image for this publication was present.
excluded-publications/Lunar deposits of possible pyroclastic origin_1-s2.0-0016703774901872-main.pdf,pdf,lunar_olivine_visual_assets_bundle/pdfs/Lunar deposits of possible pyroclastic origin_1-s2.0-0016703774901872-main.pdf,Lunar deposits of possible pyroclastic origin_1-s2.0-0016703774901872-main.pdf,,,Copied because no cleaned table image for this publication was present.
"excluded-publications/Lunar highland rocks - Element partitioning among minerals. II - Electron microprobe analyses of Al, P, Ca, Ti, Cr, MN and Fe in olivine_1980LPSC___11__555S.pdf",pdf,"lunar_olivine_visual_assets_bundle/pdfs/Lunar highland rocks - Element partitioning among minerals. II - Electron microprobe analyses of Al, P, Ca, Ti, Cr, MN and Fe in olivine_1980LPSC___11__555S.pdf","Lunar highland rocks - Element partitioning among minerals. II - Electron microprobe analyses of Al, P, Ca, Ti, Cr, MN and Fe in olivine_1980LPSC___11__555S.pdf",,,Copied because no cleaned table image for this publication was present.
excluded-publications/LUNAR POLYMICT BRECCIA 14321- A PETROGRAPHIC STUDY_1-s2.0-0016703775901933-main.pdf,pdf,lunar_olivine_visual_assets_bundle/pdfs/LUNAR POLYMICT BRECCIA 14321- A PETROGRAPHIC STUDY_1-s2.0-0016703775901933-main.pdf,LUNAR POLYMICT BRECCIA 14321- A PETROGRAPHIC STUDY_1-s2.0-0016703775901933-main.pdf,,,Copied because no cleaned table image for this publication was present.
excluded-publications/MINERALOGY AND PETROLOGY OF APOLLO 12 SAMPLE NO. 12013- A PROGRESS REPORT_1-s2.0-0012821X70900439-main.pdf,pdf,lunar_olivine_visual_assets_bundle/pdfs/MINERALOGY AND PETROLOGY OF APOLLO 12 SAMPLE NO. 12013- A PROGRESS REPORT_1-s2.0-0012821X70900439-main.pdf,MINERALOGY AND PETROLOGY OF APOLLO 12 SAMPLE NO. 12013- A PROGRESS REPORT_1-s2.0-0012821X70900439-main.pdf,,,Copied because no cleaned table image for this publication was present.
excluded-publications/MINERALOGY AND PETROLOGY OF SAMPLE 67075 AND THE ORIGIN OF LUNAR ANORTHOSITES_1-s2.0-0012821X75901752-main.pdf,pdf,lunar_olivine_visual_assets_bundle/pdfs/MINERALOGY AND PETROLOGY OF SAMPLE 67075 AND THE ORIGIN OF LUNAR ANORTHOSITES_1-s2.0-0012821X75901752-main.pdf,MINERALOGY AND PETROLOGY OF SAMPLE 67075 AND THE ORIGIN OF LUNAR ANORTHOSITES_1-s2.0-0012821X75901752-main.pdf,,,Copied because no cleaned table image for this publication was present.
"excluded-publications/OBSERVATIONS ON THE CHEMISTRY, MINERALOGY AND PETROLOGY OF SOME APOLLO 11 LUNAR SAMPLES_1970GeCAS___1___93A.pdf",pdf,"lunar_olivine_visual_assets_bundle/pdfs/OBSERVATIONS ON THE CHEMISTRY, MINERALOGY AND PETROLOGY OF SOME APOLLO 11 LUNAR SAMPLES_1970GeCAS___1___93A.pdf","OBSERVATIONS ON THE CHEMISTRY, MINERALOGY AND PETROLOGY OF SOME APOLLO 11 LUNAR SAMPLES_1970GeCAS___1___93A.pdf",,,Copied because no cleaned table image for this publication was present.
excluded-publications/Occurrence of Diopside and Cr-Zr-Armalcolite on the Moon physci237105a0.pdf,pdf,lunar_olivine_visual_assets_bundle/pdfs/Occurrence of Diopside and Cr-Zr-Armalcolite on the Moon physci237105a0.pdf,Occurrence of Diopside and Cr-Zr-Armalcolite on the Moon physci237105a0.pdf,,,Copied because no cleaned table image for this publication was present.
excluded-publications/PETROLOGY AND CHEMISTRY OF TWO “LARGE GRANITE CLASTS FROM THE MOON _1-s2.0-0012821X83902029-main.pdf,pdf,lunar_olivine_visual_assets_bundle/pdfs/PETROLOGY AND CHEMISTRY OF TWO “LARGE GRANITE CLASTS FROM THE MOON _1-s2.0-0012821X83902029-main.pdf,PETROLOGY AND CHEMISTRY OF TWO “LARGE GRANITE CLASTS FROM THE MOON _1-s2.0-0012821X83902029-main.pdf,,,Copied because no cleaned table image for this publication was present.
"excluded-publications/PETROLOGY AND MINERAL CHEMISTRY OF 67667, A UNIQUE FELDSPATHIC LHERZOLITE_1980LPSC___11__523H.pdf",pdf,"lunar_olivine_visual_assets_bundle/pdfs/PETROLOGY AND MINERAL CHEMISTRY OF 67667, A UNIQUE FELDSPATHIC LHERZOLITE_1980LPSC___11__523H.pdf","PETROLOGY AND MINERAL CHEMISTRY OF 67667, A UNIQUE FELDSPATHIC LHERZOLITE_1980LPSC___11__523H.pdf",,,Copied because no cleaned table image for this publication was present.
excluded-publications/PETROLOGY OF ANORTHOSITES FROM THE DESCARTES REGION OF THE MOON - APOLLO 16_1975LPSC____6__263D.pdf,pdf,lunar_olivine_visual_assets_bundle/pdfs/PETROLOGY OF ANORTHOSITES FROM THE DESCARTES REGION OF THE MOON - APOLLO 16_1975LPSC____6__263D.pdf,PETROLOGY OF ANORTHOSITES FROM THE DESCARTES REGION OF THE MOON - APOLLO 16_1975LPSC____6__263D.pdf,,,Copied because no cleaned table image for this publication was present.
excluded-publications/Petrology of Apollo 14 high-alumina basalt_1972LPSC____3__115K.pdf,pdf,lunar_olivine_visual_assets_bundle/pdfs/Petrology of Apollo 14 high-alumina basalt_1972LPSC____3__115K.pdf,Petrology of Apollo 14 high-alumina basalt_1972LPSC____3__115K.pdf,,,Copied because no cleaned table image for this publication was present.
excluded-publications/SAMPLE 67955- A DESCRIPTION AND A PROBLEM_1973LPSC____4__633H.pdf,pdf,lunar_olivine_visual_assets_bundle/pdfs/SAMPLE 67955- A DESCRIPTION AND A PROBLEM_1973LPSC____4__633H.pdf,SAMPLE 67955- A DESCRIPTION AND A PROBLEM_1973LPSC____4__633H.pdf,,,Copied because no cleaned table image for this publication was present.
excluded-publications/THE COMPLEX STRATIGRAPHY OF THE HIGHLAND CRUST IN THE SERENITATIS REGION OF THE MOON INFERRED FROM MINERAL FRAGMENT CHEMISTRY.pdf,pdf,lunar_olivine_visual_assets_bundle/pdfs/THE COMPLEX STRATIGRAPHY OF THE HIGHLAND CRUST IN THE SERENITATIS REGION OF THE MOON INFERRED FROM MINERAL FRAGMENT CHEMISTRY.pdf,THE COMPLEX STRATIGRAPHY OF THE HIGHLAND CRUST IN THE SERENITATIS REGION OF THE MOON INFERRED FROM MINERAL FRAGMENT CHEMISTRY.pdf,,,Copied because no cleaned table image for this publication was present.
excluded-publications/The COMPOSITION AND DERIVATION OF APOLLO-12 SOILS_1-s2.0-0012821X71900409-main.pdf,pdf,lunar_olivine_visual_assets_bundle/pdfs/The COMPOSITION AND DERIVATION OF APOLLO-12 SOILS_1-s2.0-0012821X71900409-main.pdf,The COMPOSITION AND DERIVATION OF APOLLO-12 SOILS_1-s2.0-0012821X71900409-main.pdf,,,Copied because no cleaned table image for this publication was present.
excluded-publications/THE PETROLOGY OF LUNAR BRECCIA 15445 AND PETROGENETIC IMPLICATIONS_Ridley-PetrologyLunarBreccia-1973.pdf,pdf,lunar_olivine_visual_assets_bundle/pdfs/THE PETROLOGY OF LUNAR BRECCIA 15445 AND PETROGENETIC IMPLICATIONS_Ridley-PetrologyLunarBreccia-1973.pdf,THE PETROLOGY OF LUNAR BRECCIA 15445 AND PETROGENETIC IMPLICATIONS_Ridley-PetrologyLunarBreccia-1973.pdf,,,Copied because no cleaned table image for this publication was present.
